id;creationTime;chatId;startingCause;usuario;type;text;caracteres
L8JDHZVO0N1D4T2MHT8L_2024-01-01T00:20:32.941Z;2024-01-01T00:20:32Z;L8JDHZVO0N1D4T2MHT8L;Organic;user;text;Hola buenas noches;16;0
L8JDHZVO0N1D4T2MHT8L_2024-01-01T00:20:32.941Z;2024-01-01T00:20:32Z;L8JDHZVO0N1D4T2MHT8L;Organic;bot;text;¬°Hola! Soy *Ana*, la asistente virtual de Guru.   Estoy para ayudarte en lo que necesites.;74;0
L8JDHZVO0N1D4T2MHT8L_2024-01-01T00:20:32.941Z;2024-01-01T00:20:32Z;L8JDHZVO0N1D4T2MHT8L;Organic;bot;text;Pa√≠s de Consulta:(CO) Colombia;27;0
L8JDHZVO0N1D4T2MHT8L_2024-01-01T00:20:32.941Z;2024-01-01T00:20:32Z;L8JDHZVO0N1D4T2MHT8L;Organic;bot;text;Revisar nuestra pol√≠tica de privacidad. https://www.gurusoluciones.com/hubfs/Legal/Politica_de_Tratamiento_de_Datos_Personales_14072016.pdf?hsLang=es-co;147;0
L8JDHZVO0N1D4T2MHT8L_2024-01-01T00:20:32.941Z;2024-01-01T00:20:32Z;L8JDHZVO0N1D4T2MHT8L;Organic;bot;text;NIT, ingresa los n√∫meros sin puntos y seguido de gui√≥n el                              digito de verificaci√≥n Ejemplo: (#########-#)                             C√©dula, ingresa el n√∫mero sin guiones                              ni puntos Ejemplo: (##########);148;0
L8JDHZVO0N1D4T2MHT8L_2024-01-01T00:20:32.941Z;2024-01-01T00:20:32Z;L8JDHZVO0N1D4T2MHT8L;Organic;user;text;79867261;8;0
L8JDHZVO0N1D4T2MHT8L_2024-01-01T00:20:32.941Z;2024-01-01T00:20:32Z;L8JDHZVO0N1D4T2MHT8L;Organic;bot;text;Espere por favor ....;18;0
L8JDHZVO0N1D4T2MHT8L_2024-01-01T00:20:32.941Z;2024-01-01T00:20:32Z;L8JDHZVO0N1D4T2MHT8L;Organic;bot;text;Nombre o raz√≥n social:;19;0
L8JDHZVO0N1D4T2MHT8L_2024-01-01T00:20:32.941Z;2024-01-01T00:20:32Z;L8JDHZVO0N1D4T2MHT8L;Organic;user;text;Academia de tenis santa mar;23;0
L8JDHZVO0N1D4T2MHT8L_2024-01-01T00:20:32.941Z;2024-01-01T00:20:32Z;L8JDHZVO0N1D4T2MHT8L;Organic;user;text;germang25@hotmail.com;21;0
L8JDHZVO0N1D4T2MHT8L_2024-01-01T00:20:32.941Z;2024-01-01T00:20:32Z;L8JDHZVO0N1D4T2MHT8L;Organic;bot;text;Tel√©fono: (ingrese solo n√∫meros sin el prefijo de pa√≠s);47;0
L8JDHZVO0N1D4T2MHT8L_2024-01-01T00:20:32.941Z;2024-01-01T00:20:32Z;L8JDHZVO0N1D4T2MHT8L;Organic;user;text;3245232285;10;0
L8JDHZVO0N1D4T2MHT8L_2024-01-01T00:20:32.941Z;2024-01-01T00:20:32Z;L8JDHZVO0N1D4T2MHT8L;Organic;bot;text;1. Conociendo el editor web y sus funcionalidades: https://www.youtube.com/watchv=nAkHotyFQUc   2. C√≥mo cargar contenido de fotos y archivos:  https://www.youtube.com/watch?v=SglbRTGxAuY  3. Agregar secciones a tu web:  https://www.youtube.com/watch?v=7BnjqVXb6Tk&t=17s  4. C√≥mo crear un pop-up con regla:  https://www.youtube.com/watch?v=39-QpPpKsWM  5. Configurar un formulario en tu web: https://www.youtube.com/watch?v=_OcVhALhnLw&t=68s;392;0
L8JDHZVO0N1D4T2MHT8L_2024-01-01T00:20:32.941Z;2024-01-01T00:20:32Z;L8JDHZVO0N1D4T2MHT8L;Organic;bot;text;siga el link ...  https://www.gurusoluciones.com/guru-go;51;0
L8JDHZVO0N1D4T2MHT8L_2024-01-01T00:20:32.941Z;2024-01-01T00:20:32Z;L8JDHZVO0N1D4T2MHT8L;Organic;bot;text;siga el link ...  https://www.gurusoluciones.com/tiendaonline;56;0
L8JDHZVO0N1D4T2MHT8L_2024-01-01T00:20:32.941Z;2024-01-01T00:20:32Z;L8JDHZVO0N1D4T2MHT8L;Organic;user;text;E;1;0
L8JDHZVO0N1D4T2MHT8L_2024-01-01T00:20:32.941Z;2024-01-01T00:20:32Z;L8JDHZVO0N1D4T2MHT8L;Organic;bot;text;Pa√≠s de Consulta: (CO) Colombia;27;0
L8JDHZVO0N1D4T2MHT8L_2024-01-01T00:20:32.941Z;2024-01-01T00:20:32Z;L8JDHZVO0N1D4T2MHT8L;Organic;bot;text;Disculpa, no logro comprender üòî. Prueba escribir las *palabras clave* de tu consulta.  O tambi√©n puedes elegir una de las *opciones del men√∫*;118;0
L8JDHZVO0N1D4T2MHT8L_2024-01-01T00:20:32.941Z;2024-01-01T00:20:32Z;L8JDHZVO0N1D4T2MHT8L;Organic;user;text;Reclamo;7;0
L8JDHZVO0N1D4T2MHT8L_2024-01-01T00:20:32.941Z;2024-01-01T00:20:32Z;L8JDHZVO0N1D4T2MHT8L;Organic;bot;text;Pa√≠s de Consulta: (CO) Colombia;27;0
L8JDHZVO0N1D4T2MHT8L_2024-01-01T00:20:32.941Z;2024-01-01T00:20:32Z;L8JDHZVO0N1D4T2MHT8L;Organic;bot;text;Lo siento, no entiendo tu consulta ü•¥. ¬øPuedes intentar con otros t√©rminos, por favor?   O tambi√©n puedes elegir una de las *opciones del men√∫*;117;0
L8JDHZVO0N1D4T2MHT8L_2024-01-01T00:20:32.941Z;2024-01-01T00:20:32Z;L8JDHZVO0N1D4T2MHT8L;Organic;user;text;Hola;4;0
L8JDHZVO0N1D4T2MHT8L_2024-01-01T00:20:32.941Z;2024-01-01T00:20:32Z;L8JDHZVO0N1D4T2MHT8L;Organic;bot;text;¬°Hola! Soy *Ana*, la asistente virtual de Guru.   Estoy para ayudarte en lo que necesites.;74;0
L8JDHZVO0N1D4T2MHT8L_2024-01-01T00:20:32.941Z;2024-01-01T00:20:32Z;L8JDHZVO0N1D4T2MHT8L;Organic;bot;text;Pa√≠s de Consulta:(CO) Colombia;27;0
L8JDHZVO0N1D4T2MHT8L_2024-01-01T00:20:32.941Z;2024-01-01T00:20:32Z;L8JDHZVO0N1D4T2MHT8L;Organic;bot;text;Revisar nuestra pol√≠tica de privacidad. https://www.gurusoluciones.com/hubfs/Legal/Politica_de_Tratamiento_de_Datos_Personales_14072016.pdf?hsLang=es-co;147;0
L8JDHZVO0N1D4T2MHT8L_2024-01-01T00:20:32.941Z;2024-01-01T00:20:32Z;L8JDHZVO0N1D4T2MHT8L;Organic;bot;text;Le recordamos que el horario de atenci√≥n es de Lunes a Viernes de 8 hs a 18 hs. üëç;63;0
L8JDHZVO0N1D4T2MHT8L_2024-01-01T00:20:32.941Z;2024-01-01T00:20:32Z;L8JDHZVO0N1D4T2MHT8L;Organic;bot;text;Esperamos nuevamente su visita. Gracias. üëç;37;0
SLSKVDPYQTWFSOFV1EUI_2024-01-01T00:28:44.858Z;2024-01-01T00:28:44Z;SLSKVDPYQTWFSOFV1EUI;Organic;bot;text;Hola! Soy *Ana*, la asistente virtual de Guru.  Estoy para ayudarte en lo que necesites.;73;0
SLSKVDPYQTWFSOFV1EUI_2024-01-01T00:28:44.858Z;2024-01-01T00:28:44Z;SLSKVDPYQTWFSOFV1EUI;Organic;bot;text;Pa√≠s de Consulta:(SV) El Salvador;29;0
SLSKVDPYQTWFSOFV1EUI_2024-01-01T00:28:44.858Z;2024-01-01T00:28:44Z;SLSKVDPYQTWFSOFV1EUI;Organic;bot;text;Le recordamos que el horario de atenci√≥n es de Lunes a Viernes de 8 hs a 18 hs. üëç;63;0
SLSKVDPYQTWFSOFV1EUI_2024-01-01T00:28:44.858Z;2024-01-01T00:28:44Z;SLSKVDPYQTWFSOFV1EUI;Organic;bot;text;Esperamos nuevamente su visita. Gracias. üëç;37;0
SLSKVDPYQTWFSOFV1EUI_2024-01-01T00:28:44.858Z;2024-01-01T00:28:44Z;SLSKVDPYQTWFSOFV1EUI;Organic;bot;text;Gracias por comunicarse con nosotros. üëã;34;0
0IPD16NPPBQBUN4HANUJ_2024-01-01T00:44:21.866Z;2024-01-01T00:44:21Z;0IPD16NPPBQBUN4HANUJ;Organic;bot;text;¬°Hola! Soy *Ana*, la asistente virtual de Guru.   Estoy para ayudarte en lo que necesites.;74;0
0IPD16NPPBQBUN4HANUJ_2024-01-01T00:44:21.866Z;2024-01-01T00:44:21Z;0IPD16NPPBQBUN4HANUJ;Organic;bot;text;Pa√≠s de Consulta: (AR) Argentina;28;0
0IPD16NPPBQBUN4HANUJ_2024-01-01T00:44:21.866Z;2024-01-01T00:44:21Z;0IPD16NPPBQBUN4HANUJ;Organic;bot;text;Disculpa, no logro comprender üòî. Prueba escribir las *palabras clave* de tu consulta.  O tambi√©n puedes elegir una de las *opciones del men√∫*;118;0
L8JDHZVO0N1D4T2MHT8L_2024-01-01T00:45:43.583Z;2024-01-01T00:45:43Z;L8JDHZVO0N1D4T2MHT8L;Organic;bot;text;¬°Hola! Soy *Ana*, la asistente virtual de Guru.   Estoy para ayudarte en lo que necesites.;74;0
L8JDHZVO0N1D4T2MHT8L_2024-01-01T00:45:43.583Z;2024-01-01T00:45:43Z;L8JDHZVO0N1D4T2MHT8L;Organic;bot;text;NIT, ingresa los n√∫meros sin puntos y seguido de gui√≥n el                              digito de verificaci√≥n Ejemplo: (#########-#)                             C√©dula, ingresa el n√∫mero sin guiones                              ni puntos Ejemplo: (##########);148;0
L8JDHZVO0N1D4T2MHT8L_2024-01-01T00:45:43.583Z;2024-01-01T00:45:43Z;L8JDHZVO0N1D4T2MHT8L;Organic;user;text;79867261;8;0
L8JDHZVO0N1D4T2MHT8L_2024-01-01T00:45:43.583Z;2024-01-01T00:45:43Z;L8JDHZVO0N1D4T2MHT8L;Organic;bot;text;Espere por favor ....;18;0
L8JDHZVO0N1D4T2MHT8L_2024-01-01T00:45:43.583Z;2024-01-01T00:45:43Z;L8JDHZVO0N1D4T2MHT8L;Organic;bot;text;Nombre o raz√≥n social:;19;0
L8JDHZVO0N1D4T2MHT8L_2024-01-01T00:45:43.583Z;2024-01-01T00:45:43Z;L8JDHZVO0N1D4T2MHT8L;Organic;user;text;German Guti√©rrez;15;0
L8JDHZVO0N1D4T2MHT8L_2024-01-01T00:45:43.583Z;2024-01-01T00:45:43Z;L8JDHZVO0N1D4T2MHT8L;Organic;user;text;germang25@hotmail.com;21;0
L8JDHZVO0N1D4T2MHT8L_2024-01-01T00:45:43.583Z;2024-01-01T00:45:43Z;L8JDHZVO0N1D4T2MHT8L;Organic;bot;text;Tel√©fono: (ingrese solo n√∫meros sin el prefijo de pa√≠s);47;0
L8JDHZVO0N1D4T2MHT8L_2024-01-01T00:45:43.583Z;2024-01-01T00:45:43Z;L8JDHZVO0N1D4T2MHT8L;Organic;user;text;3245232285;10;0
L8JDHZVO0N1D4T2MHT8L_2024-01-01T00:45:43.583Z;2024-01-01T00:45:43Z;L8JDHZVO0N1D4T2MHT8L;Organic;bot;text;Describa su reclamo:;18;0
L8JDHZVO0N1D4T2MHT8L_2024-01-01T00:45:43.583Z;2024-01-01T00:45:43Z;L8JDHZVO0N1D4T2MHT8L;Organic;user;text;Hola buenas noches un feliz A√±o Nuevo lleno de bendiciones para todo el personal  Llevo d√≠as poder pagar la factura de la p√°gina web y no ha sido posible no me deja ingresar a la aplicaci√≥n de Guru  Tambi√©n revise la p√°gina web hay algunas cosas que quedaron bien pero otras no quedaron bien como yo acord√© con el sr Santiago Benavides  donde yo le suministre la informaci√≥n y no va en l√≠nea con la informaci√≥n q quiero dar a los clientes.. Tampoco se el usuario ni la clave de la p√°gina web para tambi√©n yo poder hacer cambios  Quedo atento q se puedan comunicar conmigo v√≠a WhatsApp de la academia de tenis santa mar nro celular:3245232285 Gracias feliz noche saludos;545;0
L8JDHZVO0N1D4T2MHT8L_2024-01-01T00:45:43.583Z;2024-01-01T00:45:43Z;L8JDHZVO0N1D4T2MHT8L;Organic;bot;text;Su reclamo ser√° atendido a la brevedad. Gracias. üôÇ;42;0
L8JDHZVO0N1D4T2MHT8L_2024-01-01T00:45:43.583Z;2024-01-01T00:45:43Z;L8JDHZVO0N1D4T2MHT8L;Organic;bot;text;Le recordamos que el horario de atenci√≥n es de Lunes a Viernes de 8 hs a 18 hs. üëç;63;0
L8JDHZVO0N1D4T2MHT8L_2024-01-01T00:45:43.583Z;2024-01-01T00:45:43Z;L8JDHZVO0N1D4T2MHT8L;Organic;bot;text;Esperamos nuevamente su visita. Gracias. üëç;37;0
L8JDHZVO0N1D4T2MHT8L_2024-01-01T00:45:43.583Z;2024-01-01T00:45:43Z;L8JDHZVO0N1D4T2MHT8L;Organic;bot;text;Gracias por comunicarse con nosotros. üëã;34;0
YOXOP1WRLWDQA1TAVCCQ_2024-01-01T00:47:04.335Z;2024-01-01T00:47:04Z;YOXOP1WRLWDQA1TAVCCQ;Organic;bot;text;¬°Hola! Soy *Ana*, la asistente virtual de Guru.   Estoy para ayudarte en lo que necesites.;74;0
YOXOP1WRLWDQA1TAVCCQ_2024-01-01T00:47:04.335Z;2024-01-01T00:47:04Z;YOXOP1WRLWDQA1TAVCCQ;Organic;user;text;Quick Car Paint;13;0
YOXOP1WRLWDQA1TAVCCQ_2024-01-01T00:47:04.335Z;2024-01-01T00:47:04Z;YOXOP1WRLWDQA1TAVCCQ;Organic;bot;text;Pa√≠s de Consulta: (CO) Colombia;27;0
YOXOP1WRLWDQA1TAVCCQ_2024-01-01T00:47:04.335Z;2024-01-01T00:47:04Z;YOXOP1WRLWDQA1TAVCCQ;Organic;bot;text;Disculpa, no logro comprender üòî. Prueba escribir las *palabras clave* de tu consulta.  O tambi√©n puedes elegir una de las *opciones del men√∫*;118;0
YOXOP1WRLWDQA1TAVCCQ_2024-01-01T00:47:04.335Z;2024-01-01T00:47:04Z;YOXOP1WRLWDQA1TAVCCQ;Organic;user;text;Colombia;8;0
YOXOP1WRLWDQA1TAVCCQ_2024-01-01T00:47:04.335Z;2024-01-01T00:47:04Z;YOXOP1WRLWDQA1TAVCCQ;Organic;bot;text;Pa√≠s de Consulta: (CO) Colombia;27;0
YOXOP1WRLWDQA1TAVCCQ_2024-01-01T00:47:04.335Z;2024-01-01T00:47:04Z;YOXOP1WRLWDQA1TAVCCQ;Organic;bot;text;Lo siento, no entiendo tu consulta ü•¥. ¬øPuedes intentar con otros t√©rminos, por favor?   O tambi√©n puedes elegir una de las *opciones del men√∫*;117;0
YOXOP1WRLWDQA1TAVCCQ_2024-01-01T00:47:04.335Z;2024-01-01T00:47:04Z;YOXOP1WRLWDQA1TAVCCQ;Organic;user;text;Empresa Quick Car Paint;20;0
YOXOP1WRLWDQA1TAVCCQ_2024-01-01T00:47:04.335Z;2024-01-01T00:47:04Z;YOXOP1WRLWDQA1TAVCCQ;Organic;bot;text;Pa√≠s de Consulta: (CO) Colombia;27;0
YOXOP1WRLWDQA1TAVCCQ_2024-01-01T00:47:04.335Z;2024-01-01T00:47:04Z;YOXOP1WRLWDQA1TAVCCQ;Organic;bot;text;Perd√≥n, todav√≠a estoy aprendiendoüôÉ. ¬øPuedes hacer tu consulta con otras palabras?  O tambi√©n puedes elegir una de las *opciones del men√∫*;116;0
YOXOP1WRLWDQA1TAVCCQ_2024-01-01T00:47:04.335Z;2024-01-01T00:47:04Z;YOXOP1WRLWDQA1TAVCCQ;Organic;user;text;Empresa de Colombia Quick Car Paint;30;0
YOXOP1WRLWDQA1TAVCCQ_2024-01-01T00:47:04.335Z;2024-01-01T00:47:04Z;YOXOP1WRLWDQA1TAVCCQ;Organic;bot;text;Pa√≠s de Consulta: (CO) Colombia;27;0
YOXOP1WRLWDQA1TAVCCQ_2024-01-01T00:47:04.335Z;2024-01-01T00:47:04Z;YOXOP1WRLWDQA1TAVCCQ;Organic;bot;text;Disculpa, no logro comprender üòî. Prueba escribir las *palabras clave* de tu consulta.  O tambi√©n puedes elegir una de las *opciones del men√∫*;118;0
2E6H6LTG1GFL14626YF5_2024-01-01T02:16:50.844Z;2024-01-01T02:16:50Z;2E6H6LTG1GFL14626YF5;Organic;bot;text;Hola! Soy *Ana*, la asistente virtual de Guru.  Estoy para ayudarte en lo que necesites.;73;0
2E6H6LTG1GFL14626YF5_2024-01-01T02:16:50.844Z;2024-01-01T02:16:50Z;2E6H6LTG1GFL14626YF5;Organic;bot;text;Pa√≠s de Consulta:(CO) Colombia;27;0
2E6H6LTG1GFL14626YF5_2024-01-01T02:16:50.844Z;2024-01-01T02:16:50Z;2E6H6LTG1GFL14626YF5;Organic;bot;text;Revisar nuestra pol√≠tica de privacidad. https://www.gurusoluciones.com/hubfs/Legal/Politica_de_Tratamiento_de_Datos_Personales_14072016.pdf?hsLang=es-co;147;0
2E6H6LTG1GFL14626YF5_2024-01-01T02:16:50.844Z;2024-01-01T02:16:50Z;2E6H6LTG1GFL14626YF5;Organic;bot;text;NIT, ingresa los n√∫meros sin puntos y seguido de gui√≥n el                              digito de verificaci√≥n Ejemplo: (#########-#)                             C√©dula, ingresa el n√∫mero sin guiones                              ni puntos Ejemplo: (##########);148;0
2E6H6LTG1GFL14626YF5_2024-01-01T02:16:50.844Z;2024-01-01T02:16:50Z;2E6H6LTG1GFL14626YF5;Organic;user;text;79867261;8;0
2E6H6LTG1GFL14626YF5_2024-01-01T02:16:50.844Z;2024-01-01T02:16:50Z;2E6H6LTG1GFL14626YF5;Organic;bot;text;Espere por favor ....;18;0
2E6H6LTG1GFL14626YF5_2024-01-01T02:16:50.844Z;2024-01-01T02:16:50Z;2E6H6LTG1GFL14626YF5;Organic;bot;text;Nombre o raz√≥n social:;19;0
2E6H6LTG1GFL14626YF5_2024-01-01T02:16:50.844Z;2024-01-01T02:16:50Z;2E6H6LTG1GFL14626YF5;Organic;user;text;Germ√°n Guti√©rrez;15;0
2E6H6LTG1GFL14626YF5_2024-01-01T02:16:50.844Z;2024-01-01T02:16:50Z;2E6H6LTG1GFL14626YF5;Organic;user;text;Germang25@hotmail.com;21;0
2E6H6LTG1GFL14626YF5_2024-01-01T02:16:50.844Z;2024-01-01T02:16:50Z;2E6H6LTG1GFL14626YF5;Organic;bot;text;Tel√©fono: (ingrese solo n√∫meros sin el prefijo de pa√≠s);47;0
2E6H6LTG1GFL14626YF5_2024-01-01T02:16:50.844Z;2024-01-01T02:16:50Z;2E6H6LTG1GFL14626YF5;Organic;user;text;3245232285;10;0
2E6H6LTG1GFL14626YF5_2024-01-01T02:16:50.844Z;2024-01-01T02:16:50Z;2E6H6LTG1GFL14626YF5;Organic;bot;text;Describa su reclamo:;18;0
2E6H6LTG1GFL14626YF5_2024-01-01T02:16:50.844Z;2024-01-01T02:16:50Z;2E6H6LTG1GFL14626YF5;Organic;bot;text;Gracias por comunicarse con nosotros. üëã;34;0
I1V3RT5RO0U811CPKAG2_2024-01-01T03:03:46.995Z;2024-01-01T03:03:46Z;I1V3RT5RO0U811CPKAG2;Organic;bot;text;Hola! Soy *Ana*, la asistente virtual de Guru.  Estoy para ayudarte en lo que necesites.;73;0
I1V3RT5RO0U811CPKAG2_2024-01-01T03:03:46.995Z;2024-01-01T03:03:46Z;I1V3RT5RO0U811CPKAG2;Organic;bot;text;Pa√≠s de Consulta: (CO) Colombia;27;0
I1V3RT5RO0U811CPKAG2_2024-01-01T03:03:46.995Z;2024-01-01T03:03:46Z;I1V3RT5RO0U811CPKAG2;Organic;bot;text;Disculpa, no logro comprender üòî. Prueba escribir las *palabras clave* de tu consulta.  O tambi√©n puedes elegir una de las *opciones del men√∫*;118;0
PO8YYT72RZYU7YM2IKWH_2024-01-01T03:05:35.676Z;2024-01-01T03:05:35Z;PO8YYT72RZYU7YM2IKWH;Organic;bot;text;¬°Hola! Soy *Ana*, la asistente virtual de Guru.   Estoy para ayudarte en lo que necesites.;74;0
PO8YYT72RZYU7YM2IKWH_2024-01-01T03:05:35.676Z;2024-01-01T03:05:35Z;PO8YYT72RZYU7YM2IKWH;Organic;user;text;üò±;1;0
PO8YYT72RZYU7YM2IKWH_2024-01-01T03:05:35.676Z;2024-01-01T03:05:35Z;PO8YYT72RZYU7YM2IKWH;Organic;bot;text;Pa√≠s de Consulta: (PE) Per√∫;23;0
PO8YYT72RZYU7YM2IKWH_2024-01-01T03:05:35.676Z;2024-01-01T03:05:35Z;PO8YYT72RZYU7YM2IKWH;Organic;bot;text;Disculpa, no logro comprender üòî. Prueba escribir las *palabras clave* de tu consulta.  O tambi√©n puedes elegir una de las *opciones del men√∫*;118;0
PO8YYT72RZYU7YM2IKWH_2024-01-01T03:05:35.676Z;2024-01-01T03:05:35Z;PO8YYT72RZYU7YM2IKWH;Organic;bot;text;Gracias por comunicarse con nosotros. üëã;34;0
04WMYDVEOUW342PI8ZI6_2024-01-01T03:56:27.300Z;2024-01-01T03:56:27Z;04WMYDVEOUW342PI8ZI6;Organic;bot;text;¬°Hola! Soy *Ana*, la asistente virtual de Guru.   Estoy para ayudarte en lo que necesites.;74;0
04WMYDVEOUW342PI8ZI6_2024-01-01T03:56:27.300Z;2024-01-01T03:56:27Z;04WMYDVEOUW342PI8ZI6;Organic;bot;text;Pa√≠s de Consulta: (CO) Colombia;27;0
04WMYDVEOUW342PI8ZI6_2024-01-01T03:56:27.300Z;2024-01-01T03:56:27Z;04WMYDVEOUW342PI8ZI6;Organic;bot;text;Disculpa, no logro comprender üòî. Prueba escribir las *palabras clave* de tu consulta.  O tambi√©n puedes elegir una de las *opciones del men√∫*;118;0
H0ZT8CMFB18S8Q8T3RQH_2024-01-01T04:35:31.615Z;2024-01-01T04:35:31Z;H0ZT8CMFB18S8Q8T3RQH;Organic;bot;text;Hola! Soy *Ana*, la asistente virtual de Guru.  Estoy para ayudarte en lo que necesites.;73;0
H0ZT8CMFB18S8Q8T3RQH_2024-01-01T04:35:31.615Z;2024-01-01T04:35:31Z;H0ZT8CMFB18S8Q8T3RQH;Organic;bot;text;Pa√≠s de Consulta:(ES);19;0
H0ZT8CMFB18S8Q8T3RQH_2024-01-01T04:35:31.615Z;2024-01-01T04:35:31Z;H0ZT8CMFB18S8Q8T3RQH;Organic;user;text;Brasil;6;0
JQ7FFGXH5P4IEEBSC3S5_2024-01-01T06:20:20.605Z;2024-01-01T06:20:20Z;JQ7FFGXH5P4IEEBSC3S5;Organic;bot;text;Hola! Soy *Ana*, la asistente virtual de Guru.  Estoy para ayudarte en lo que necesites.;73;0
JQ7FFGXH5P4IEEBSC3S5_2024-01-01T06:20:20.605Z;2024-01-01T06:20:20Z;JQ7FFGXH5P4IEEBSC3S5;Organic;user;text;Vend√≠ productos en mercado libre;28;0
JQ7FFGXH5P4IEEBSC3S5_2024-01-01T06:20:20.605Z;2024-01-01T06:20:20Z;JQ7FFGXH5P4IEEBSC3S5;Organic;bot;text;Pa√≠s de Consulta: (PE) Per√∫;23;0
JQ7FFGXH5P4IEEBSC3S5_2024-01-01T06:20:20.605Z;2024-01-01T06:20:20Z;JQ7FFGXH5P4IEEBSC3S5;Organic;bot;text;Disculpa, no logro comprender üòî. Prueba escribir las *palabras clave* de tu consulta.  O tambi√©n puedes elegir una de las *opciones del men√∫*;118;0
JQ7FFGXH5P4IEEBSC3S5_2024-01-01T06:20:20.605Z;2024-01-01T06:20:20Z;JQ7FFGXH5P4IEEBSC3S5;Organic;bot;text;Pa√≠s de Consulta: (PE) Per√∫;23;0
JQ7FFGXH5P4IEEBSC3S5_2024-01-01T06:20:20.605Z;2024-01-01T06:20:20Z;JQ7FFGXH5P4IEEBSC3S5;Organic;bot;text;Lo siento, no entiendo tu consulta ü•¥. ¬øPuedes intentar con otros t√©rminos, por favor?   O tambi√©n puedes elegir una de las *opciones del men√∫*;117;0
WVXDOLBMAZN6T8MB5CNB_2024-01-01T07:21:26.333Z;2024-01-01T07:21:26Z;WVXDOLBMAZN6T8MB5CNB;Organic;bot;text;¬°Hola! Soy *Ana*, la asistente virtual de Guru.   Estoy para ayudarte en lo que necesites.;74;0
WVXDOLBMAZN6T8MB5CNB_2024-01-01T07:21:26.333Z;2024-01-01T07:21:26Z;WVXDOLBMAZN6T8MB5CNB;Organic;bot;text;Pa√≠s de Consulta:(NI) Nicaragua;28;0
WVXDOLBMAZN6T8MB5CNB_2024-01-01T07:21:26.333Z;2024-01-01T07:21:26Z;WVXDOLBMAZN6T8MB5CNB;Organic;bot;text;Gracias por comunicarse con nosotros. üëã;34;0
ZI80LFMDQQ6FUXZSQW3R_2024-01-01T07:29:47.816Z;2024-01-01T07:29:47Z;ZI80LFMDQQ6FUXZSQW3R;Organic;bot;text;¬°Hola! Soy *Ana*, la asistente virtual de Guru.   Estoy para ayudarte en lo que necesites.;74;0
ZI80LFMDQQ6FUXZSQW3R_2024-01-01T07:29:47.816Z;2024-01-01T07:29:47Z;ZI80LFMDQQ6FUXZSQW3R;Organic;bot;text;Pa√≠s de Consulta:(AR) Argentina;28;0
ZI80LFMDQQ6FUXZSQW3R_2024-01-01T07:29:47.816Z;2024-01-01T07:29:47Z;ZI80LFMDQQ6FUXZSQW3R;Organic;bot;text;Esperamos nuevamente su visita. Gracias. üëç;37;0
ZI80LFMDQQ6FUXZSQW3R_2024-01-01T07:37:01.591Z;2024-01-01T07:37:01Z;ZI80LFMDQQ6FUXZSQW3R;Organic;bot;text;¬°Hola! Soy *Ana*, la asistente virtual de Guru.   Estoy para ayudarte en lo que necesites.;74;0
ZI80LFMDQQ6FUXZSQW3R_2024-01-01T07:37:01.591Z;2024-01-01T07:37:01Z;ZI80LFMDQQ6FUXZSQW3R;Organic;bot;text;Pa√≠s de Consulta:(AR) Argentina;28;0
ZI80LFMDQQ6FUXZSQW3R_2024-01-01T07:37:01.591Z;2024-01-01T07:37:01Z;ZI80LFMDQQ6FUXZSQW3R;Organic;bot;text;Gracias por comunicarse con nosotros. üëã;34;0
SJQ2X2G3C2VW3EDKNOE1_2024-01-01T08:26:24.514Z;2024-01-01T08:26:24Z;SJQ2X2G3C2VW3EDKNOE1;Organic;bot;text;Hola! Soy *Ana*, la asistente virtual de Guru.  Estoy para ayudarte en lo que necesites.;73;0
SJQ2X2G3C2VW3EDKNOE1_2024-01-01T08:26:24.514Z;2024-01-01T08:26:24Z;SJQ2X2G3C2VW3EDKNOE1;Organic;bot;text;Pa√≠s de Consulta:(CL) Chile;24;0
SJQ2X2G3C2VW3EDKNOE1_2024-01-01T08:26:24.514Z;2024-01-01T08:26:24Z;SJQ2X2G3C2VW3EDKNOE1;Organic;bot;text;Gracias por comunicarse con nosotros. üëã;34;0
U0M3AKXFSFIFLY6AL11F_2024-01-01T11:14:49.943Z;2024-01-01T11:14:49Z;U0M3AKXFSFIFLY6AL11F;Organic;bot;text;¬°Hola! Soy *Ana*, la asistente virtual de Guru.   Estoy para ayudarte en lo que necesites.;74;0
U0M3AKXFSFIFLY6AL11F_2024-01-01T11:14:49.943Z;2024-01-01T11:14:49Z;U0M3AKXFSFIFLY6AL11F;Organic;bot;text;Pa√≠s de Consulta:(PE) Per√∫;23;0
U0M3AKXFSFIFLY6AL11F_2024-01-01T11:14:49.943Z;2024-01-01T11:14:49Z;U0M3AKXFSFIFLY6AL11F;Organic;bot;text;Gracias por comunicarse con nosotros. üëã;34;0
2OLHC1NTPJ7L3H2KXM2G_2024-01-01T13:19:21.284Z;2024-01-01T13:19:21Z;2OLHC1NTPJ7L3H2KXM2G;Organic;bot;text;¬°Hola! Soy *Ana*, la asistente virtual de Guru.   Estoy para ayudarte en lo que necesites.;74;0
2OLHC1NTPJ7L3H2KXM2G_2024-01-01T13:19:21.284Z;2024-01-01T13:19:21Z;2OLHC1NTPJ7L3H2KXM2G;Organic;bot;text;Pa√≠s de Consulta:(CL) Chile;24;0
2OLHC1NTPJ7L3H2KXM2G_2024-01-01T13:19:21.284Z;2024-01-01T13:19:21Z;2OLHC1NTPJ7L3H2KXM2G;Organic;user;text;Nesesito a ser una pregunta pero no como comunicarme con las pajinas amarillas de publiguia;77;0
2OLHC1NTPJ7L3H2KXM2G_2024-01-01T13:19:21.284Z;2024-01-01T13:19:21Z;2OLHC1NTPJ7L3H2KXM2G;Organic;bot;text;Pa√≠s de Consulta: (CL) Chile;24;0
2OLHC1NTPJ7L3H2KXM2G_2024-01-01T13:19:21.284Z;2024-01-01T13:19:21Z;2OLHC1NTPJ7L3H2KXM2G;Organic;bot;text;Disculpa, no logro comprender üòî. Prueba escribir las *palabras clave* de tu consulta.  O tambi√©n puedes elegir una de las *opciones del men√∫*;118;0
2OLHC1NTPJ7L3H2KXM2G_2024-01-01T13:19:21.284Z;2024-01-01T13:19:21Z;2OLHC1NTPJ7L3H2KXM2G;Organic;user;text;Nesesito saber si multicentro de la ciudad de Molina se encuentra atendiendo;65;0
2OLHC1NTPJ7L3H2KXM2G_2024-01-01T13:19:21.284Z;2024-01-01T13:19:21Z;2OLHC1NTPJ7L3H2KXM2G;Organic;bot;text;Pa√≠s de Consulta: (CL) Chile;24;0
2OLHC1NTPJ7L3H2KXM2G_2024-01-01T13:19:21.284Z;2024-01-01T13:19:21Z;2OLHC1NTPJ7L3H2KXM2G;Organic;bot;text;Lo siento, no entiendo tu consulta ü•¥. ¬øPuedes intentar con otros t√©rminos, por favor?   O tambi√©n puedes elegir una de las *opciones del men√∫*;117;0
2OLHC1NTPJ7L3H2KXM2G_2024-01-01T13:19:21.284Z;2024-01-01T13:19:21Z;2OLHC1NTPJ7L3H2KXM2G;Organic;bot;text;Gracias por comunicarse con nosotros. üëã;34;0
2ZZRL73JGSNXLT1OPZVJ_2024-01-01T13:49:35.346Z;2024-01-01T13:49:35Z;2ZZRL73JGSNXLT1OPZVJ;Organic;bot;text;Hola! Soy *Ana*, la asistente virtual de Guru.  Estoy para ayudarte en lo que necesites.;73;0
2ZZRL73JGSNXLT1OPZVJ_2024-01-01T13:49:35.346Z;2024-01-01T13:49:35Z;2ZZRL73JGSNXLT1OPZVJ;Organic;user;text;Hola;4;0
2ZZRL73JGSNXLT1OPZVJ_2024-01-01T13:49:35.346Z;2024-01-01T13:49:35Z;2ZZRL73JGSNXLT1OPZVJ;Organic;bot;text;¬°Hola! Soy *Ana*, la asistente virtual de Guru.   Estoy para ayudarte en lo que necesites.;74;0
2ZZRL73JGSNXLT1OPZVJ_2024-01-01T13:49:35.346Z;2024-01-01T13:49:35Z;2ZZRL73JGSNXLT1OPZVJ;Organic;bot;text;Pa√≠s de Consulta:(CO) Colombia;27;0
2ZZRL73JGSNXLT1OPZVJ_2024-01-01T13:49:35.346Z;2024-01-01T13:49:35Z;2ZZRL73JGSNXLT1OPZVJ;Organic;bot;text;Revisar nuestra pol√≠tica de privacidad. https://www.gurusoluciones.com/hubfs/Legal/Politica_de_Tratamiento_de_Datos_Personales_14072016.pdf?hsLang=es-co;147;0
2ZZRL73JGSNXLT1OPZVJ_2024-01-01T13:49:35.346Z;2024-01-01T13:49:35Z;2ZZRL73JGSNXLT1OPZVJ;Organic;bot;text;En este momento *no hay agentes disponibles*. Puedes volver a intentarlo m√°s tarde.;71;0
2ZZRL73JGSNXLT1OPZVJ_2024-01-01T13:49:35.346Z;2024-01-01T13:49:35Z;2ZZRL73JGSNXLT1OPZVJ;Organic;bot;text;NIT, ingresa los n√∫meros sin puntos y seguido de gui√≥n el                              digito de verificaci√≥n Ejemplo: (#########-#)                             C√©dula, ingresa el n√∫mero sin guiones                              ni puntos Ejemplo: (##########);148;0
2ZZRL73JGSNXLT1OPZVJ_2024-01-01T13:49:35.346Z;2024-01-01T13:49:35Z;2ZZRL73JGSNXLT1OPZVJ;Organic;user;text;80075511;8;0
2ZZRL73JGSNXLT1OPZVJ_2024-01-01T13:49:35.346Z;2024-01-01T13:49:35Z;2ZZRL73JGSNXLT1OPZVJ;Organic;bot;text;No pudimos validar su documento, ingrese la Raz√≥n Social:;49;0
2ZZRL73JGSNXLT1OPZVJ_2024-01-01T13:49:35.346Z;2024-01-01T13:49:35Z;2ZZRL73JGSNXLT1OPZVJ;Organic;bot;text;Gracias por comunicarse con nosotros. üëã;34;0
K0JOO7Q02E71S648Z8PO_2024-01-01T15:11:39.183Z;2024-01-01T15:11:39Z;K0JOO7Q02E71S648Z8PO;Organic;bot;text;Hola! Soy *Ana*, la asistente virtual de Guru.  Estoy para ayudarte en lo que necesites.;73;0
K0JOO7Q02E71S648Z8PO_2024-01-01T15:11:39.183Z;2024-01-01T15:11:39Z;K0JOO7Q02E71S648Z8PO;Organic;user;text;quiero buscar a una persona;23;0
K0JOO7Q02E71S648Z8PO_2024-01-01T15:11:39.183Z;2024-01-01T15:11:39Z;K0JOO7Q02E71S648Z8PO;Organic;bot;text;Pa√≠s de Consulta: (PE) Per√∫;23;0
K0JOO7Q02E71S648Z8PO_2024-01-01T15:11:39.183Z;2024-01-01T15:11:39Z;K0JOO7Q02E71S648Z8PO;Organic;bot;text;Disculpa, no logro comprender üòî. Prueba escribir las *palabras clave* de tu consulta.  O tambi√©n puedes elegir una de las *opciones del men√∫*;118;0
K0JOO7Q02E71S648Z8PO_2024-01-01T15:11:39.183Z;2024-01-01T15:11:39Z;K0JOO7Q02E71S648Z8PO;Organic;user;text;mandame una foto hot;17;0
K0JOO7Q02E71S648Z8PO_2024-01-01T15:11:39.183Z;2024-01-01T15:11:39Z;K0JOO7Q02E71S648Z8PO;Organic;bot;text;Pa√≠s de Consulta: (PE) Per√∫;23;0
K0JOO7Q02E71S648Z8PO_2024-01-01T15:11:39.183Z;2024-01-01T15:11:39Z;K0JOO7Q02E71S648Z8PO;Organic;bot;text;Lo siento, no entiendo tu consulta ü•¥. ¬øPuedes intentar con otros t√©rminos, por favor?   O tambi√©n puedes elegir una de las *opciones del men√∫*;117;0
K0JOO7Q02E71S648Z8PO_2024-01-01T15:11:39.183Z;2024-01-01T15:11:39Z;K0JOO7Q02E71S648Z8PO;Organic;user;text;si;2;0
K0JOO7Q02E71S648Z8PO_2024-01-01T15:11:39.183Z;2024-01-01T15:11:39Z;K0JOO7Q02E71S648Z8PO;Organic;bot;text;üôÇ;1;0
K0JOO7Q02E71S648Z8PO_2024-01-01T15:11:39.183Z;2024-01-01T15:11:39Z;K0JOO7Q02E71S648Z8PO;Organic;bot;text;Esperamos nuevamente su visita. Gracias. üëç;37;0
K0JOO7Q02E71S648Z8PO_2024-01-01T15:12:56.417Z;2024-01-01T15:12:56Z;K0JOO7Q02E71S648Z8PO;Organic;user;text;bb;2;0
K0JOO7Q02E71S648Z8PO_2024-01-01T15:12:56.417Z;2024-01-01T15:12:56Z;K0JOO7Q02E71S648Z8PO;Organic;bot;text;Pa√≠s de Consulta: (PE) Per√∫;23;0
K0JOO7Q02E71S648Z8PO_2024-01-01T15:12:56.417Z;2024-01-01T15:12:56Z;K0JOO7Q02E71S648Z8PO;Organic;bot;text;Disculpa, no logro comprender üòî. Prueba escribir las *palabras clave* de tu consulta.  O tambi√©n puedes elegir una de las *opciones del men√∫*;118;0
K0JOO7Q02E71S648Z8PO_2024-01-01T15:12:56.417Z;2024-01-01T15:12:56Z;K0JOO7Q02E71S648Z8PO;Organic;user;text;peru;4;0
K0JOO7Q02E71S648Z8PO_2024-01-01T15:12:56.417Z;2024-01-01T15:12:56Z;K0JOO7Q02E71S648Z8PO;Organic;bot;text;Pa√≠s de Consulta: (PE) Per√∫;23;0
K0JOO7Q02E71S648Z8PO_2024-01-01T15:12:56.417Z;2024-01-01T15:12:56Z;K0JOO7Q02E71S648Z8PO;Organic;bot;text;Lo siento, no entiendo tu consulta ü•¥. ¬øPuedes intentar con otros t√©rminos, por favor?   O tambi√©n puedes elegir una de las *opciones del men√∫*;117;0
K0JOO7Q02E71S648Z8PO_2024-01-01T15:12:56.417Z;2024-01-01T15:12:56Z;K0JOO7Q02E71S648Z8PO;Organic;user;text;te amo bb cachame;14;0
K0JOO7Q02E71S648Z8PO_2024-01-01T15:12:56.417Z;2024-01-01T15:12:56Z;K0JOO7Q02E71S648Z8PO;Organic;bot;text;Pa√≠s de Consulta: (PE) Per√∫;23;0
K0JOO7Q02E71S648Z8PO_2024-01-01T15:12:56.417Z;2024-01-01T15:12:56Z;K0JOO7Q02E71S648Z8PO;Organic;bot;text;Perd√≥n, todav√≠a estoy aprendiendoüôÉ. ¬øPuedes hacer tu consulta con otras palabras?  O tambi√©n puedes elegir una de las *opciones del men√∫*;116;0
K0JOO7Q02E71S648Z8PO_2024-01-01T15:12:56.417Z;2024-01-01T15:12:56Z;K0JOO7Q02E71S648Z8PO;Organic;user;text;üòò;1;0
K0JOO7Q02E71S648Z8PO_2024-01-01T15:12:56.417Z;2024-01-01T15:12:56Z;K0JOO7Q02E71S648Z8PO;Organic;bot;text;Pa√≠s de Consulta: (PE) Per√∫;23;0
K0JOO7Q02E71S648Z8PO_2024-01-01T15:12:56.417Z;2024-01-01T15:12:56Z;K0JOO7Q02E71S648Z8PO;Organic;bot;text;Disculpa, no logro comprender üòî. Prueba escribir las *palabras clave* de tu consulta.  O tambi√©n puedes elegir una de las *opciones del men√∫*;118;0
CDKD3E1UE0OA58UUXE80_2024-01-01T15:49:58.047Z;2024-01-01T15:49:58Z;CDKD3E1UE0OA58UUXE80;Organic;bot;text;Hola! Soy *Ana*, la asistente virtual de Guru.  Estoy para ayudarte en lo que necesites.;73;0
CDKD3E1UE0OA58UUXE80_2024-01-01T15:49:58.047Z;2024-01-01T15:49:58Z;CDKD3E1UE0OA58UUXE80;Organic;user;text;Hola;4;0
CDKD3E1UE0OA58UUXE80_2024-01-01T15:49:58.047Z;2024-01-01T15:49:58Z;CDKD3E1UE0OA58UUXE80;Organic;bot;text;¬°Hola! Soy *Ana*, la asistente virtual de Guru.   Estoy para ayudarte en lo que necesites.;74;0
CDKD3E1UE0OA58UUXE80_2024-01-01T15:49:58.047Z;2024-01-01T15:49:58Z;CDKD3E1UE0OA58UUXE80;Organic;user;text;Encontrar un numero;17;0
CDKD3E1UE0OA58UUXE80_2024-01-01T15:49:58.047Z;2024-01-01T15:49:58Z;CDKD3E1UE0OA58UUXE80;Organic;bot;text;Estas comunicado con Gur√∫ Soluciones, somos una empresa que brinda soluciones digitales. Si necesitas informaci√≥n comercial de nuestros anunciantes puedes ingresar a https://www.paginasamarillas.com selecciona tu pa√≠s.  Aqu√≠ podr√°s encontrar toda la informaci√≥n que necesitas, solo debes escribir en el campo ¬øQu√© buscas? por palabra, secci√≥n, categor√≠a, etc.;312;0
CDKD3E1UE0OA58UUXE80_2024-01-01T15:49:58.047Z;2024-01-01T15:49:58Z;CDKD3E1UE0OA58UUXE80;Organic;bot;text;Esperamos nuevamente su visita. Gracias. üëç;37;0
A3D8Q2YUVIQFB7IJHJSN_2024-01-01T17:00:55.160Z;2024-01-01T17:00:55Z;A3D8Q2YUVIQFB7IJHJSN;Organic;bot;text;¬°Hola! Soy *Ana*, la asistente virtual de Guru.   Estoy para ayudarte en lo que necesites.;74;0
A3D8Q2YUVIQFB7IJHJSN_2024-01-01T17:00:55.160Z;2024-01-01T17:00:55Z;A3D8Q2YUVIQFB7IJHJSN;Organic;bot;text;Pa√≠s de Consulta:(CL) Chile;24;0
A3D8Q2YUVIQFB7IJHJSN_2024-01-01T17:00:55.160Z;2024-01-01T17:00:55Z;A3D8Q2YUVIQFB7IJHJSN;Organic;user;text;Buenas tardes;12;0
A3D8Q2YUVIQFB7IJHJSN_2024-01-01T17:00:55.160Z;2024-01-01T17:00:55Z;A3D8Q2YUVIQFB7IJHJSN;Organic;bot;text;¬°Hola! Soy *Ana*, la asistente virtual de Guru.   Estoy para ayudarte en lo que necesites.;74;0
A3D8Q2YUVIQFB7IJHJSN_2024-01-01T17:00:55.160Z;2024-01-01T17:00:55Z;A3D8Q2YUVIQFB7IJHJSN;Organic;bot;text;Pa√≠s de Consulta:(CL) Chile;24;0
A3D8Q2YUVIQFB7IJHJSN_2024-01-01T17:00:55.160Z;2024-01-01T17:00:55Z;A3D8Q2YUVIQFB7IJHJSN;Organic;bot;text;En este momento *no hay agentes disponibles*. Puedes volver a intentarlo m√°s tarde.;71;0
A3D8Q2YUVIQFB7IJHJSN_2024-01-01T17:00:55.160Z;2024-01-01T17:00:55Z;A3D8Q2YUVIQFB7IJHJSN;Organic;bot;text;Gracias por comunicarse con nosotros. üëã;34;0
NSNPFKMWYR3KXKQ7EM71_2024-01-01T18:14:17.333Z;2024-01-01T18:14:17Z;NSNPFKMWYR3KXKQ7EM71;Organic;bot;text;Hola! Soy *Ana*, la asistente virtual de Guru.  Estoy para ayudarte en lo que necesites.;73;0
NSNPFKMWYR3KXKQ7EM71_2024-01-01T18:14:17.333Z;2024-01-01T18:14:17Z;NSNPFKMWYR3KXKQ7EM71;Organic;user;text;Hola quisiera saber que farmacias est√°n de turno hoy;44;0
NSNPFKMWYR3KXKQ7EM71_2024-01-01T18:14:17.333Z;2024-01-01T18:14:17Z;NSNPFKMWYR3KXKQ7EM71;Organic;bot;text;Pa√≠s de Consulta: (CL) Chile;24;0
NSNPFKMWYR3KXKQ7EM71_2024-01-01T18:14:17.333Z;2024-01-01T18:14:17Z;NSNPFKMWYR3KXKQ7EM71;Organic;bot;text;Disculpa, no logro comprender üòî. Prueba escribir las *palabras clave* de tu consulta.  O tambi√©n puedes elegir una de las *opciones del men√∫*;118;0
NSNPFKMWYR3KXKQ7EM71_2024-01-01T18:14:17.333Z;2024-01-01T18:14:17Z;NSNPFKMWYR3KXKQ7EM71;Organic;user;text;Farmacias abiertas;17;0
NSNPFKMWYR3KXKQ7EM71_2024-01-01T18:14:17.333Z;2024-01-01T18:14:17Z;NSNPFKMWYR3KXKQ7EM71;Organic;bot;text;Pa√≠s de Consulta: (CL) Chile;24;0
NSNPFKMWYR3KXKQ7EM71_2024-01-01T18:14:17.333Z;2024-01-01T18:14:17Z;NSNPFKMWYR3KXKQ7EM71;Organic;bot;text;Lo siento, no entiendo tu consulta ü•¥. ¬øPuedes intentar con otros t√©rminos, por favor?   O tambi√©n puedes elegir una de las *opciones del men√∫*;117;0
NSNPFKMWYR3KXKQ7EM71_2024-01-01T18:14:17.333Z;2024-01-01T18:14:17Z;NSNPFKMWYR3KXKQ7EM71;Organic;user;text;Chile;5;0
NSNPFKMWYR3KXKQ7EM71_2024-01-01T18:14:17.333Z;2024-01-01T18:14:17Z;NSNPFKMWYR3KXKQ7EM71;Organic;bot;text;Pa√≠s de Consulta: (CL) Chile;24;0
NSNPFKMWYR3KXKQ7EM71_2024-01-01T18:14:17.333Z;2024-01-01T18:14:17Z;NSNPFKMWYR3KXKQ7EM71;Organic;bot;text;Perd√≥n, todav√≠a estoy aprendiendoüôÉ. ¬øPuedes hacer tu consulta con otras palabras?  O tambi√©n puedes elegir una de las *opciones del men√∫*;116;0
5J0ZXFFFUYU57J5LUB0M_2024-01-01T18:28:39.243Z;2024-01-01T18:28:39Z;5J0ZXFFFUYU57J5LUB0M;Organic;bot;text;Hola! Soy *Ana*, la asistente virtual de Guru.  Estoy para ayudarte en lo que necesites.;73;0
5J0ZXFFFUYU57J5LUB0M_2024-01-01T18:28:39.243Z;2024-01-01T18:28:39Z;5J0ZXFFFUYU57J5LUB0M;Organic;bot;text;Pa√≠s de Consulta:(PE) Per√∫;23;0
5J0ZXFFFUYU57J5LUB0M_2024-01-01T18:28:39.243Z;2024-01-01T18:28:39Z;5J0ZXFFFUYU57J5LUB0M;Organic;bot;text;En este momento *no hay agentes disponibles*. Puedes volver a intentarlo m√°s tarde.;71;0
5J0ZXFFFUYU57J5LUB0M_2024-01-01T18:28:39.243Z;2024-01-01T18:28:39Z;5J0ZXFFFUYU57J5LUB0M;Organic;bot;text;Gracias por comunicarse con nosotros. üëã;34;0
SOTKDVOD5FPVNQ3GBWZD_2024-01-01T18:45:32.304Z;2024-01-01T18:45:32Z;SOTKDVOD5FPVNQ3GBWZD;Organic;bot;text;Hola! Soy *Ana*, la asistente virtual de Guru.  Estoy para ayudarte en lo que necesites.;73;0
SOTKDVOD5FPVNQ3GBWZD_2024-01-01T18:45:32.304Z;2024-01-01T18:45:32Z;SOTKDVOD5FPVNQ3GBWZD;Organic;bot;text;Pa√≠s de Consulta:(AR) Argentina;28;0
SOTKDVOD5FPVNQ3GBWZD_2024-01-01T18:45:32.304Z;2024-01-01T18:45:32Z;SOTKDVOD5FPVNQ3GBWZD;Organic;bot;text;Gracias por comunicarse con nosotros. üëã;34;0
2P2BKNONGS5JU78SNBP3_2024-01-01T19:04:13.283Z;2024-01-01T19:04:13Z;2P2BKNONGS5JU78SNBP3;Organic;bot;text;Hola! Soy *Ana*, la asistente virtual de Guru.  Estoy para ayudarte en lo que necesites.;73;0
2P2BKNONGS5JU78SNBP3_2024-01-01T19:04:13.283Z;2024-01-01T19:04:13Z;2P2BKNONGS5JU78SNBP3;Organic;bot;text;Pa√≠s de Consulta:(AR) Argentina;28;0
2P2BKNONGS5JU78SNBP3_2024-01-01T19:04:13.283Z;2024-01-01T19:04:13Z;2P2BKNONGS5JU78SNBP3;Organic;bot;text;Gracias por comunicarse con nosotros. üëã;34;0
3WMXHSCC6KICNBJVTTLG_2024-01-01T19:50:17.421Z;2024-01-01T19:50:17Z;3WMXHSCC6KICNBJVTTLG;Organic;bot;text;¬°Hola! Soy *Ana*, la asistente virtual de Guru.   Estoy para ayudarte en lo que necesites.;74;0
3WMXHSCC6KICNBJVTTLG_2024-01-01T19:50:17.421Z;2024-01-01T19:50:17Z;3WMXHSCC6KICNBJVTTLG;Organic;bot;text;Pa√≠s de Consulta:(CL) Chile;24;0
3WMXHSCC6KICNBJVTTLG_2024-01-01T19:50:17.421Z;2024-01-01T19:50:17Z;3WMXHSCC6KICNBJVTTLG;Organic;bot;text;Gracias por comunicarse con nosotros. üëã;34;0
B0UDPG2VKG0VM27J01BL_2024-01-01T19:58:34.807Z;2024-01-01T19:58:34Z;B0UDPG2VKG0VM27J01BL;Organic;bot;text;Hola! Soy *Ana*, la asistente virtual de Guru.  Estoy para ayudarte en lo que necesites.;73;0
B0UDPG2VKG0VM27J01BL_2024-01-01T19:58:34.807Z;2024-01-01T19:58:34Z;B0UDPG2VKG0VM27J01BL;Organic;user;text;Hola;4;0
B0UDPG2VKG0VM27J01BL_2024-01-01T19:58:34.807Z;2024-01-01T19:58:34Z;B0UDPG2VKG0VM27J01BL;Organic;bot;text;¬°Hola! Soy *Ana*, la asistente virtual de Guru.   Estoy para ayudarte en lo que necesites.;74;0
B0UDPG2VKG0VM27J01BL_2024-01-01T19:58:34.807Z;2024-01-01T19:58:34Z;B0UDPG2VKG0VM27J01BL;Organic;user;text;Como se hace un cocktail_;21;0
B0UDPG2VKG0VM27J01BL_2024-01-01T19:58:34.807Z;2024-01-01T19:58:34Z;B0UDPG2VKG0VM27J01BL;Organic;bot;text;Pa√≠s de Consulta: (AR) Argentina;28;0
B0UDPG2VKG0VM27J01BL_2024-01-01T19:58:34.807Z;2024-01-01T19:58:34Z;B0UDPG2VKG0VM27J01BL;Organic;user;text;como funciona un motor de un auto?;28;0
B0UDPG2VKG0VM27J01BL_2024-01-01T19:58:34.807Z;2024-01-01T19:58:34Z;B0UDPG2VKG0VM27J01BL;Organic;bot;text;Pa√≠s de Consulta: (AR) Argentina;28;0
B0UDPG2VKG0VM27J01BL_2024-01-01T19:58:34.807Z;2024-01-01T19:58:34Z;B0UDPG2VKG0VM27J01BL;Organic;bot;text;Identif√≠quese como Cliente y navegue en el men√∫ de Solicitudes Financieras / Facturas o  comun√≠quese con uno de nuestros asesores.  üëç;111;0
B0UDPG2VKG0VM27J01BL_2024-01-01T19:58:34.807Z;2024-01-01T19:58:34Z;B0UDPG2VKG0VM27J01BL;Organic;bot;text;CUIT/CUIL/DNI/CI (###########);29;0
B0UDPG2VKG0VM27J01BL_2024-01-01T19:58:34.807Z;2024-01-01T19:58:34Z;B0UDPG2VKG0VM27J01BL;Organic;user;text;Que paginas hacen?;16;0
PZB846ERNT7SUOTNG3B4_2024-01-01T20:16:50.631Z;2024-01-01T20:16:50Z;PZB846ERNT7SUOTNG3B4;Organic;bot;text;Hola! Soy *Ana*, la asistente virtual de Guru.  Estoy para ayudarte en lo que necesites.;73;0
PZB846ERNT7SUOTNG3B4_2024-01-01T20:16:50.631Z;2024-01-01T20:16:50Z;PZB846ERNT7SUOTNG3B4;Organic;bot;text;Pa√≠s de Consulta:(PE) Per√∫;23;0
PZB846ERNT7SUOTNG3B4_2024-01-01T20:16:50.631Z;2024-01-01T20:16:50Z;PZB846ERNT7SUOTNG3B4;Organic;bot;text;RUC/DNI (###########):;21;0
PZB846ERNT7SUOTNG3B4_2024-01-01T20:16:50.631Z;2024-01-01T20:16:50Z;PZB846ERNT7SUOTNG3B4;Organic;bot;text;Gracias por comunicarse con nosotros. üëã;34;0
4AYT2QRHUIXL7M156V0G_2024-01-01T20:21:16.054Z;2024-01-01T20:21:16Z;4AYT2QRHUIXL7M156V0G;Organic;bot;text;Hola! Soy *Ana*, la asistente virtual de Guru.  Estoy para ayudarte en lo que necesites.;73;0
4AYT2QRHUIXL7M156V0G_2024-01-01T20:21:16.054Z;2024-01-01T20:21:16Z;4AYT2QRHUIXL7M156V0G;Organic;user;text;Hola necesito buscar el n√∫mero de celular de Pedro Felipe Guzm√°n bernales;62;0
4AYT2QRHUIXL7M156V0G_2024-01-01T20:21:16.054Z;2024-01-01T20:21:16Z;4AYT2QRHUIXL7M156V0G;Organic;bot;text;Pa√≠s de Consulta: (CL) Chile;24;0
4AYT2QRHUIXL7M156V0G_2024-01-01T20:21:16.054Z;2024-01-01T20:21:16Z;4AYT2QRHUIXL7M156V0G;Organic;bot;text;Disculpa, no logro comprender üòî. Prueba escribir las *palabras clave* de tu consulta.  O tambi√©n puedes elegir una de las *opciones del men√∫*;118;0
4AYT2QRHUIXL7M156V0G_2024-01-01T20:21:16.054Z;2024-01-01T20:21:16Z;4AYT2QRHUIXL7M156V0G;Organic;user;text;Chile;5;0
4AYT2QRHUIXL7M156V0G_2024-01-01T20:21:16.054Z;2024-01-01T20:21:16Z;4AYT2QRHUIXL7M156V0G;Organic;bot;text;Pa√≠s de Consulta: (CL) Chile;24;0
4AYT2QRHUIXL7M156V0G_2024-01-01T20:21:16.054Z;2024-01-01T20:21:16Z;4AYT2QRHUIXL7M156V0G;Organic;bot;text;Lo siento, no entiendo tu consulta ü•¥. ¬øPuedes intentar con otros t√©rminos, por favor?   O tambi√©n puedes elegir una de las *opciones del men√∫*;117;0
KQVA50RR28W324LVVGNQ_2024-01-01T21:15:45.264Z;2024-01-01T21:15:45Z;KQVA50RR28W324LVVGNQ;Organic;bot;text;Hola! Soy *Ana*, la asistente virtual de Guru.  Estoy para ayudarte en lo que necesites.;73;0
KQVA50RR28W324LVVGNQ_2024-01-01T21:15:45.264Z;2024-01-01T21:15:45Z;KQVA50RR28W324LVVGNQ;Organic;bot;text;Pa√≠s de Consulta:(AR) Argentina;28;0
KQVA50RR28W324LVVGNQ_2024-01-01T21:15:45.264Z;2024-01-01T21:15:45Z;KQVA50RR28W324LVVGNQ;Organic;bot;text;CUIT/CUIL/DNI/CI (###########);29;0
KQVA50RR28W324LVVGNQ_2024-01-01T21:15:45.264Z;2024-01-01T21:15:45Z;KQVA50RR28W324LVVGNQ;Organic;user;text;27102225274;11;0
KQVA50RR28W324LVVGNQ_2024-01-01T21:15:45.264Z;2024-01-01T21:15:45Z;KQVA50RR28W324LVVGNQ;Organic;bot;text;Espere por favor ....;18;0
KQVA50RR28W324LVVGNQ_2024-01-01T21:15:45.264Z;2024-01-01T21:15:45Z;KQVA50RR28W324LVVGNQ;Organic;bot;text;Gracias por comunicarse con nosotros. üëã;34;0
KQVA50RR28W324LVVGNQ_2024-01-01T21:15:45.264Z;2024-01-01T21:15:45Z;KQVA50RR28W324LVVGNQ;Organic;bot;text;Gracias por comunicarse con nosotros. üëã;34;0
KQVA50RR28W324LVVGNQ_2024-01-01T21:15:45.264Z;2024-01-01T21:15:45Z;KQVA50RR28W324LVVGNQ;Organic;bot;text;Gracias por comunicarse con nosotros. üëã;34;0
KQVA50RR28W324LVVGNQ_2024-01-01T21:15:45.264Z;2024-01-01T21:15:45Z;KQVA50RR28W324LVVGNQ;Organic;bot;text;Gracias por comunicarse con nosotros. üëã;34;0
KQVA50RR28W324LVVGNQ_2024-01-01T21:15:45.264Z;2024-01-01T21:15:45Z;KQVA50RR28W324LVVGNQ;Organic;bot;text;Gracias por comunicarse con nosotros. üëã;34;0
FH8GUL56WO0IPYKYSCGF_2024-01-01T21:21:20.946Z;2024-01-01T21:21:20Z;FH8GUL56WO0IPYKYSCGF;Organic;bot;text;Hola! Soy *Ana*, la asistente virtual de Guru.  Estoy para ayudarte en lo que necesites.;73;0
FH8GUL56WO0IPYKYSCGF_2024-01-01T21:21:20.946Z;2024-01-01T21:21:20Z;FH8GUL56WO0IPYKYSCGF;Organic;bot;text;Pa√≠s de Consulta:(PE) Per√∫;23;0
FH8GUL56WO0IPYKYSCGF_2024-01-01T21:21:20.946Z;2024-01-01T21:21:20Z;FH8GUL56WO0IPYKYSCGF;Organic;bot;text;Esperamos nuevamente su visita. Gracias. üëç;37;0
FH8GUL56WO0IPYKYSCGF_2024-01-01T21:24:46.120Z;2024-01-01T21:24:46Z;FH8GUL56WO0IPYKYSCGF;Organic;bot;text;¬°Hola! Soy *Ana*, la asistente virtual de Guru.   Estoy para ayudarte en lo que necesites.;74;0
FH8GUL56WO0IPYKYSCGF_2024-01-01T21:24:46.120Z;2024-01-01T21:24:46Z;FH8GUL56WO0IPYKYSCGF;Organic;bot;text;Pa√≠s de Consulta:(PE) Per√∫;23;0
FH8GUL56WO0IPYKYSCGF_2024-01-01T21:24:46.120Z;2024-01-01T21:24:46Z;FH8GUL56WO0IPYKYSCGF;Organic;user;text;N;1;0
FH8GUL56WO0IPYKYSCGF_2024-01-01T21:24:46.120Z;2024-01-01T21:24:46Z;FH8GUL56WO0IPYKYSCGF;Organic;bot;text;Pa√≠s de Consulta: (PE) Per√∫;23;0
FH8GUL56WO0IPYKYSCGF_2024-01-01T21:24:46.120Z;2024-01-01T21:24:46Z;FH8GUL56WO0IPYKYSCGF;Organic;bot;text;Disculpa, no logro comprender üòî. Prueba escribir las *palabras clave* de tu consulta.  O tambi√©n puedes elegir una de las *opciones del men√∫*;118;0
FH8GUL56WO0IPYKYSCGF_2024-01-01T21:24:46.120Z;2024-01-01T21:24:46Z;FH8GUL56WO0IPYKYSCGF;Organic;user;text;N;1;0
FH8GUL56WO0IPYKYSCGF_2024-01-01T21:24:46.120Z;2024-01-01T21:24:46Z;FH8GUL56WO0IPYKYSCGF;Organic;bot;text;Pa√≠s de Consulta: (PE) Per√∫;23;0
FH8GUL56WO0IPYKYSCGF_2024-01-01T21:24:46.120Z;2024-01-01T21:24:46Z;FH8GUL56WO0IPYKYSCGF;Organic;bot;text;Lo siento, no entiendo tu consulta ü•¥. ¬øPuedes intentar con otros t√©rminos, por favor?   O tambi√©n puedes elegir una de las *opciones del men√∫*;117;0
FH8GUL56WO0IPYKYSCGF_2024-01-01T21:24:46.120Z;2024-01-01T21:24:46Z;FH8GUL56WO0IPYKYSCGF;Organic;bot;text;Gracias por comunicarse con nosotros. üëã;34;0
COHK3C3XXEWG7X2WSLUK_2024-01-01T21:49:13.694Z;2024-01-01T21:49:13Z;COHK3C3XXEWG7X2WSLUK;Organic;user;text;Hola, estuve mirando, quiero dar de baja a ese servicio;46;0
COHK3C3XXEWG7X2WSLUK_2024-01-01T21:49:13.694Z;2024-01-01T21:49:13Z;COHK3C3XXEWG7X2WSLUK;Organic;bot;text;¬°Hola! Soy *Ana*, la asistente virtual de Guru.   Estoy para ayudarte en lo que necesites.;74;0
COHK3C3XXEWG7X2WSLUK_2024-01-01T21:49:13.694Z;2024-01-01T21:49:13Z;COHK3C3XXEWG7X2WSLUK;Organic;bot;text;Le recordamos que el horario de atenci√≥n es de Lunes a Viernes de 8:30 hs a 18 hs. üëç;66;0
COHK3C3XXEWG7X2WSLUK_2024-01-01T21:49:13.694Z;2024-01-01T21:49:13Z;COHK3C3XXEWG7X2WSLUK;Organic;bot;text;Esperamos nuevamente su visita. Gracias. üëç;37;0
COHK3C3XXEWG7X2WSLUK_2024-01-01T21:50:00.661Z;2024-01-01T21:50:00Z;COHK3C3XXEWG7X2WSLUK;Organic;bot;text;¬°Hola! Soy *Ana*, la asistente virtual de Guru.   Estoy para ayudarte en lo que necesites.;74;0
COHK3C3XXEWG7X2WSLUK_2024-01-01T21:50:00.661Z;2024-01-01T21:50:00Z;COHK3C3XXEWG7X2WSLUK;Organic;bot;text;CUIT/CUIL/DNI/CI (###########);29;0
COHK3C3XXEWG7X2WSLUK_2024-01-01T21:50:00.661Z;2024-01-01T21:50:00Z;COHK3C3XXEWG7X2WSLUK;Organic;bot;text;Gracias por comunicarse con nosotros. üëã;34;0
1PT3QMLMG1G7QIPM7NXO_2024-01-01T21:55:06.821Z;2024-01-01T21:55:06Z;1PT3QMLMG1G7QIPM7NXO;Referral;bot;text;Hola! Soy *Ana*, la asistente virtual de Guru.  Estoy para ayudarte en lo que necesites.;73;0
1PT3QMLMG1G7QIPM7NXO_2024-01-01T21:55:06.821Z;2024-01-01T21:55:06Z;1PT3QMLMG1G7QIPM7NXO;Referral;bot;text;Pa√≠s de Consulta:(PE) Per√∫;23;0
1PT3QMLMG1G7QIPM7NXO_2024-01-01T21:55:06.821Z;2024-01-01T21:55:06Z;1PT3QMLMG1G7QIPM7NXO;Referral;bot;text;En este momento *no hay agentes disponibles*. Puedes volver a intentarlo m√°s tarde.;71;0
1PT3QMLMG1G7QIPM7NXO_2024-01-01T21:55:06.821Z;2024-01-01T21:55:06Z;1PT3QMLMG1G7QIPM7NXO;Referral;bot;text;RUC/DNI (###########):;21;0
1PT3QMLMG1G7QIPM7NXO_2024-01-01T21:55:06.821Z;2024-01-01T21:55:06Z;1PT3QMLMG1G7QIPM7NXO;Referral;bot;text;Gracias por comunicarse con nosotros. üëã;34;0
XFSLWGM2F6AQNB6P2FHL_2024-01-01T22:00:39.699Z;2024-01-01T22:00:39Z;XFSLWGM2F6AQNB6P2FHL;Organic;bot;text;Hola! Soy *Ana*, la asistente virtual de Guru.  Estoy para ayudarte en lo que necesites.;73;0
XFSLWGM2F6AQNB6P2FHL_2024-01-01T22:00:39.699Z;2024-01-01T22:00:39Z;XFSLWGM2F6AQNB6P2FHL;Organic;user;text;Hola buena tarde una consulta c√≥mo puedo buscar el nombre de una persona para saber la direcci√≥n de donde vive;91;0
XFSLWGM2F6AQNB6P2FHL_2024-01-01T22:00:39.699Z;2024-01-01T22:00:39Z;XFSLWGM2F6AQNB6P2FHL;Organic;bot;text;Pa√≠s de Consulta: (CL) Chile;24;0
XFSLWGM2F6AQNB6P2FHL_2024-01-01T22:00:39.699Z;2024-01-01T22:00:39Z;XFSLWGM2F6AQNB6P2FHL;Organic;user;text;Chile;5;0
XFSLWGM2F6AQNB6P2FHL_2024-01-01T22:00:39.699Z;2024-01-01T22:00:39Z;XFSLWGM2F6AQNB6P2FHL;Organic;bot;text;Pa√≠s de Consulta: (CL) Chile;24;0
XFSLWGM2F6AQNB6P2FHL_2024-01-01T22:00:39.699Z;2024-01-01T22:00:39Z;XFSLWGM2F6AQNB6P2FHL;Organic;bot;text;Disculpa, no logro comprender üòî. Prueba escribir las *palabras clave* de tu consulta.  O tambi√©n puedes elegir una de las *opciones del men√∫*;118;0
XFSLWGM2F6AQNB6P2FHL_2024-01-01T22:00:39.699Z;2024-01-01T22:00:39Z;XFSLWGM2F6AQNB6P2FHL;Organic;user;text;C√≥mo puedo saber la direcci√≥n de la casa de una persona;45;0
XFSLWGM2F6AQNB6P2FHL_2024-01-01T22:00:39.699Z;2024-01-01T22:00:39Z;XFSLWGM2F6AQNB6P2FHL;Organic;bot;text;Pa√≠s de Consulta: (CL) Chile;24;0
XFSLWGM2F6AQNB6P2FHL_2024-01-01T22:00:39.699Z;2024-01-01T22:00:39Z;XFSLWGM2F6AQNB6P2FHL;Organic;user;text;Ok;2;0
XFSLWGM2F6AQNB6P2FHL_2024-01-01T22:00:39.699Z;2024-01-01T22:00:39Z;XFSLWGM2F6AQNB6P2FHL;Organic;bot;text;üôÇ;1;0
XFSLWGM2F6AQNB6P2FHL_2024-01-01T22:00:39.699Z;2024-01-01T22:00:39Z;XFSLWGM2F6AQNB6P2FHL;Organic;bot;text;Esperamos nuevamente su visita. Gracias. üëç;37;0
PZ5UYVHLGWG1ZVRZ4N2E_2024-01-01T22:42:37.901Z;2024-01-01T22:42:37Z;PZ5UYVHLGWG1ZVRZ4N2E;Organic;bot;text;¬°Hola! Soy *Ana*, la asistente virtual de Guru.   Estoy para ayudarte en lo que necesites.;74;0
PZ5UYVHLGWG1ZVRZ4N2E_2024-01-01T22:42:37.901Z;2024-01-01T22:42:37Z;PZ5UYVHLGWG1ZVRZ4N2E;Organic;bot;text;Pa√≠s de Consulta:(AR) Argentina;28;0
PZ5UYVHLGWG1ZVRZ4N2E_2024-01-01T22:42:37.901Z;2024-01-01T22:42:37Z;PZ5UYVHLGWG1ZVRZ4N2E;Organic;user;text;md dnm;5;0
PZ5UYVHLGWG1ZVRZ4N2E_2024-01-01T22:42:37.901Z;2024-01-01T22:42:37Z;PZ5UYVHLGWG1ZVRZ4N2E;Organic;bot;text;Pa√≠s de Consulta: (AR) Argentina;28;0
PZ5UYVHLGWG1ZVRZ4N2E_2024-01-01T22:42:37.901Z;2024-01-01T22:42:37Z;PZ5UYVHLGWG1ZVRZ4N2E;Organic;bot;text;Disculpa, no logro comprender üòî. Prueba escribir las *palabras clave* de tu consulta.  O tambi√©n puedes elegir una de las *opciones del men√∫*;118;0
PZ5UYVHLGWG1ZVRZ4N2E_2024-01-01T22:42:37.901Z;2024-01-01T22:42:37Z;PZ5UYVHLGWG1ZVRZ4N2E;Organic;user;text;pdd mlmd ld dkn dlm dln;18;0
PZ5UYVHLGWG1ZVRZ4N2E_2024-01-01T22:42:37.901Z;2024-01-01T22:42:37Z;PZ5UYVHLGWG1ZVRZ4N2E;Organic;bot;text;Pa√≠s de Consulta: (AR) Argentina;28;0
PZ5UYVHLGWG1ZVRZ4N2E_2024-01-01T22:42:37.901Z;2024-01-01T22:42:37Z;PZ5UYVHLGWG1ZVRZ4N2E;Organic;bot;text;Lo siento, no entiendo tu consulta ü•¥. ¬øPuedes intentar con otros t√©rminos, por favor?   O tambi√©n puedes elegir una de las *opciones del men√∫*;117;0
PZ5UYVHLGWG1ZVRZ4N2E_2024-01-01T22:42:37.901Z;2024-01-01T22:42:37Z;PZ5UYVHLGWG1ZVRZ4N2E;Organic;user;text;kldnd kdn dknd;12;0
PZ5UYVHLGWG1ZVRZ4N2E_2024-01-01T22:42:37.901Z;2024-01-01T22:42:37Z;PZ5UYVHLGWG1ZVRZ4N2E;Organic;bot;text;Pa√≠s de Consulta: (AR) Argentina;28;0
PZ5UYVHLGWG1ZVRZ4N2E_2024-01-01T22:42:37.901Z;2024-01-01T22:42:37Z;PZ5UYVHLGWG1ZVRZ4N2E;Organic;bot;text;Perd√≥n, todav√≠a estoy aprendiendoüôÉ. ¬øPuedes hacer tu consulta con otras palabras?  O tambi√©n puedes elegir una de las *opciones del men√∫*;116;0
PZ5UYVHLGWG1ZVRZ4N2E_2024-01-01T22:42:37.901Z;2024-01-01T22:42:37Z;PZ5UYVHLGWG1ZVRZ4N2E;Organic;user;text;md pd dn dd lmd d k dmd kd;18;0
PZ5UYVHLGWG1ZVRZ4N2E_2024-01-01T22:42:37.901Z;2024-01-01T22:42:37Z;PZ5UYVHLGWG1ZVRZ4N2E;Organic;bot;text;Pa√≠s de Consulta: (AR) Argentina;28;0
PZ5UYVHLGWG1ZVRZ4N2E_2024-01-01T22:42:37.901Z;2024-01-01T22:42:37Z;PZ5UYVHLGWG1ZVRZ4N2E;Organic;bot;text;Disculpa, no logro comprender üòî. Prueba escribir las *palabras clave* de tu consulta.  O tambi√©n puedes elegir una de las *opciones del men√∫*;118;0
PZ5UYVHLGWG1ZVRZ4N2E_2024-01-01T22:42:37.901Z;2024-01-01T22:42:37Z;PZ5UYVHLGWG1ZVRZ4N2E;Organic;user;text;üéÖüéÖüéÖüéÖüéÖüéÖüéÖüéÖüéÖüéÖüéÖüéÖ;12;0
PZ5UYVHLGWG1ZVRZ4N2E_2024-01-01T22:42:37.901Z;2024-01-01T22:42:37Z;PZ5UYVHLGWG1ZVRZ4N2E;Organic;bot;text;Pa√≠s de Consulta: (AR) Argentina;28;0
PZ5UYVHLGWG1ZVRZ4N2E_2024-01-01T22:42:37.901Z;2024-01-01T22:42:37Z;PZ5UYVHLGWG1ZVRZ4N2E;Organic;bot;text;Lo siento, no entiendo tu consulta ü•¥. ¬øPuedes intentar con otros t√©rminos, por favor?   O tambi√©n puedes elegir una de las *opciones del men√∫*;117;0
PZ5UYVHLGWG1ZVRZ4N2E_2024-01-01T22:42:37.901Z;2024-01-01T22:42:37Z;PZ5UYVHLGWG1ZVRZ4N2E;Organic;user;text;pss lmdf kd dkm dknd lm,d d dm;23;0
PZ5UYVHLGWG1ZVRZ4N2E_2024-01-01T22:42:37.901Z;2024-01-01T22:42:37Z;PZ5UYVHLGWG1ZVRZ4N2E;Organic;bot;text;Pa√≠s de Consulta: (AR) Argentina;28;0
PZ5UYVHLGWG1ZVRZ4N2E_2024-01-01T22:42:37.901Z;2024-01-01T22:42:37Z;PZ5UYVHLGWG1ZVRZ4N2E;Organic;bot;text;Perd√≥n, todav√≠a estoy aprendiendoüôÉ. ¬øPuedes hacer tu consulta con otras palabras?  O tambi√©n puedes elegir una de las *opciones del men√∫*;116;0
PZ5UYVHLGWG1ZVRZ4N2E_2024-01-01T22:42:37.901Z;2024-01-01T22:42:37Z;PZ5UYVHLGWG1ZVRZ4N2E;Organic;user;text;yd dm dm dkm dk dm d;14;0
PZ5UYVHLGWG1ZVRZ4N2E_2024-01-01T22:42:37.901Z;2024-01-01T22:42:37Z;PZ5UYVHLGWG1ZVRZ4N2E;Organic;bot;text;Pa√≠s de Consulta: (AR) Argentina;28;0
PZ5UYVHLGWG1ZVRZ4N2E_2024-01-01T22:42:37.901Z;2024-01-01T22:42:37Z;PZ5UYVHLGWG1ZVRZ4N2E;Organic;bot;text;Disculpa, no logro comprender üòî. Prueba escribir las *palabras clave* de tu consulta.  O tambi√©n puedes elegir una de las *opciones del men√∫*;118;0
PZ5UYVHLGWG1ZVRZ4N2E_2024-01-01T22:42:37.901Z;2024-01-01T22:42:37Z;PZ5UYVHLGWG1ZVRZ4N2E;Organic;user;text;üòé;1;0
PZ5UYVHLGWG1ZVRZ4N2E_2024-01-01T22:42:37.901Z;2024-01-01T22:42:37Z;PZ5UYVHLGWG1ZVRZ4N2E;Organic;bot;text;Pa√≠s de Consulta: (AR) Argentina;28;0
PZ5UYVHLGWG1ZVRZ4N2E_2024-01-01T22:42:37.901Z;2024-01-01T22:42:37Z;PZ5UYVHLGWG1ZVRZ4N2E;Organic;bot;text;Lo siento, no entiendo tu consulta ü•¥. ¬øPuedes intentar con otros t√©rminos, por favor?   O tambi√©n puedes elegir una de las *opciones del men√∫*;117;0
PZ5UYVHLGWG1ZVRZ4N2E_2024-01-01T22:42:37.901Z;2024-01-01T22:42:37Z;PZ5UYVHLGWG1ZVRZ4N2E;Organic;user;text;,d;2;0
PZ5UYVHLGWG1ZVRZ4N2E_2024-01-01T22:42:37.901Z;2024-01-01T22:42:37Z;PZ5UYVHLGWG1ZVRZ4N2E;Organic;bot;text;Pa√≠s de Consulta: (AR) Argentina;28;0
PZ5UYVHLGWG1ZVRZ4N2E_2024-01-01T22:42:37.901Z;2024-01-01T22:42:37Z;PZ5UYVHLGWG1ZVRZ4N2E;Organic;bot;text;Perd√≥n, todav√≠a estoy aprendiendoüôÉ. ¬øPuedes hacer tu consulta con otras palabras?  O tambi√©n puedes elegir una de las *opciones del men√∫*;116;0
PZ5UYVHLGWG1ZVRZ4N2E_2024-01-01T22:42:37.901Z;2024-01-01T22:42:37Z;PZ5UYVHLGWG1ZVRZ4N2E;Organic;user;text;dndm d lmd lmd lmd lmd lmd ld ,d lm .d lmdd l;33;0
PZ5UYVHLGWG1ZVRZ4N2E_2024-01-01T22:42:37.901Z;2024-01-01T22:42:37Z;PZ5UYVHLGWG1ZVRZ4N2E;Organic;bot;text;Pa√≠s de Consulta: (AR) Argentina;28;0
PZ5UYVHLGWG1ZVRZ4N2E_2024-01-01T22:42:37.901Z;2024-01-01T22:42:37Z;PZ5UYVHLGWG1ZVRZ4N2E;Organic;bot;text;Disculpa, no logro comprender üòî. Prueba escribir las *palabras clave* de tu consulta.  O tambi√©n puedes elegir una de las *opciones del men√∫*;118;0
PZ5UYVHLGWG1ZVRZ4N2E_2024-01-01T22:42:37.901Z;2024-01-01T22:42:37Z;PZ5UYVHLGWG1ZVRZ4N2E;Organic;user;text;pd dm mod md kmd;12;0
PZ5UYVHLGWG1ZVRZ4N2E_2024-01-01T22:42:37.901Z;2024-01-01T22:42:37Z;PZ5UYVHLGWG1ZVRZ4N2E;Organic;bot;text;Pa√≠s de Consulta: (AR) Argentina;28;0
PZ5UYVHLGWG1ZVRZ4N2E_2024-01-01T22:42:37.901Z;2024-01-01T22:42:37Z;PZ5UYVHLGWG1ZVRZ4N2E;Organic;bot;text;Lo siento, no entiendo tu consulta ü•¥. ¬øPuedes intentar con otros t√©rminos, por favor?   O tambi√©n puedes elegir una de las *opciones del men√∫*;117;0
PZ5UYVHLGWG1ZVRZ4N2E_2024-01-01T22:42:37.901Z;2024-01-01T22:42:37Z;PZ5UYVHLGWG1ZVRZ4N2E;Organic;user;text;2 dknd kdn dj dkn;13;0
PZ5UYVHLGWG1ZVRZ4N2E_2024-01-01T22:42:37.901Z;2024-01-01T22:42:37Z;PZ5UYVHLGWG1ZVRZ4N2E;Organic;bot;text;Pa√≠s de Consulta: (AR) Argentina;28;0
PZ5UYVHLGWG1ZVRZ4N2E_2024-01-01T22:42:37.901Z;2024-01-01T22:42:37Z;PZ5UYVHLGWG1ZVRZ4N2E;Organic;bot;text;Perd√≥n, todav√≠a estoy aprendiendoüôÉ. ¬øPuedes hacer tu consulta con otras palabras?  O tambi√©n puedes elegir una de las *opciones del men√∫*;116;0
PZ5UYVHLGWG1ZVRZ4N2E_2024-01-01T22:42:37.901Z;2024-01-01T22:42:37Z;PZ5UYVHLGWG1ZVRZ4N2E;Organic;user;text;üéß;1;0
PZ5UYVHLGWG1ZVRZ4N2E_2024-01-01T22:42:37.901Z;2024-01-01T22:42:37Z;PZ5UYVHLGWG1ZVRZ4N2E;Organic;bot;text;Pa√≠s de Consulta: (AR) Argentina;28;0
PZ5UYVHLGWG1ZVRZ4N2E_2024-01-01T22:42:37.901Z;2024-01-01T22:42:37Z;PZ5UYVHLGWG1ZVRZ4N2E;Organic;bot;text;Disculpa, no logro comprender üòî. Prueba escribir las *palabras clave* de tu consulta.  O tambi√©n puedes elegir una de las *opciones del men√∫*;118;0
PZ5UYVHLGWG1ZVRZ4N2E_2024-01-01T22:42:37.901Z;2024-01-01T22:42:37Z;PZ5UYVHLGWG1ZVRZ4N2E;Organic;user;text;Ams 52 dnmd  dn d,ld , dnkd dml dknd;27;0
PZ5UYVHLGWG1ZVRZ4N2E_2024-01-01T22:42:37.901Z;2024-01-01T22:42:37Z;PZ5UYVHLGWG1ZVRZ4N2E;Organic;bot;text;Pa√≠s de Consulta: (AR) Argentina;28;0
PZ5UYVHLGWG1ZVRZ4N2E_2024-01-01T22:42:37.901Z;2024-01-01T22:42:37Z;PZ5UYVHLGWG1ZVRZ4N2E;Organic;bot;text;Lo siento, no entiendo tu consulta ü•¥. ¬øPuedes intentar con otros t√©rminos, por favor?   O tambi√©n puedes elegir una de las *opciones del men√∫*;117;0
PZ5UYVHLGWG1ZVRZ4N2E_2024-01-01T22:42:37.901Z;2024-01-01T22:42:37Z;PZ5UYVHLGWG1ZVRZ4N2E;Organic;user;text;03 dknmd kd;9;0
PZ5UYVHLGWG1ZVRZ4N2E_2024-01-01T22:42:37.901Z;2024-01-01T22:42:37Z;PZ5UYVHLGWG1ZVRZ4N2E;Organic;bot;text;Pa√≠s de Consulta: (AR) Argentina;28;0
PZ5UYVHLGWG1ZVRZ4N2E_2024-01-01T22:42:37.901Z;2024-01-01T22:42:37Z;PZ5UYVHLGWG1ZVRZ4N2E;Organic;bot;text;Perd√≥n, todav√≠a estoy aprendiendoüôÉ. ¬øPuedes hacer tu consulta con otras palabras?  O tambi√©n puedes elegir una de las *opciones del men√∫*;116;0
PZ5UYVHLGWG1ZVRZ4N2E_2024-01-01T22:42:37.901Z;2024-01-01T22:42:37Z;PZ5UYVHLGWG1ZVRZ4N2E;Organic;user;text;Pa√≠s de Consulta: (AR) Argentina 08:21 PM Perd√≥n, todav√≠a estoy aprendiendoüôÉ. ¬øPuedes hacer tu consulta con otras palabras?   O tambi√©n puedes elegir una de las opciones del men√∫ üòé;150;0
PZ5UYVHLGWG1ZVRZ4N2E_2024-01-01T22:42:37.901Z;2024-01-01T22:42:37Z;PZ5UYVHLGWG1ZVRZ4N2E;Organic;bot;text;Pa√≠s de Consulta: (AR) Argentina;28;0
PZ5UYVHLGWG1ZVRZ4N2E_2024-01-01T22:42:37.901Z;2024-01-01T22:42:37Z;PZ5UYVHLGWG1ZVRZ4N2E;Organic;bot;text;De nada üëê;7;0
PZ5UYVHLGWG1ZVRZ4N2E_2024-01-01T22:42:37.901Z;2024-01-01T22:42:37Z;PZ5UYVHLGWG1ZVRZ4N2E;Organic;bot;text;Esperamos nuevamente su visita. Gracias. üëç;37;0
OV4VUQ1ODLVTUN4FEABC_2024-01-01T22:44:47.113Z;2024-01-01T22:44:47Z;OV4VUQ1ODLVTUN4FEABC;Organic;bot;text;¬°Hola! Soy *Ana*, la asistente virtual de Guru.   Estoy para ayudarte en lo que necesites.;74;0
OV4VUQ1ODLVTUN4FEABC_2024-01-01T22:44:47.113Z;2024-01-01T22:44:47Z;OV4VUQ1ODLVTUN4FEABC;Organic;bot;text;Pa√≠s de Consulta:(PA) Panam√°;25;0
OV4VUQ1ODLVTUN4FEABC_2024-01-01T22:44:47.113Z;2024-01-01T22:44:47Z;OV4VUQ1ODLVTUN4FEABC;Organic;bot;text;Gracias por comunicarse con nosotros. üëã;34;0
0FLZXRZZ6N63WSPPMY6G_2024-01-01T22:51:30.394Z;2024-01-01T22:51:30Z;0FLZXRZZ6N63WSPPMY6G;Organic;bot;text;Hola! Soy *Ana*, la asistente virtual de Guru.  Estoy para ayudarte en lo que necesites.;73;0
0FLZXRZZ6N63WSPPMY6G_2024-01-01T22:51:30.394Z;2024-01-01T22:51:30Z;0FLZXRZZ6N63WSPPMY6G;Organic;bot;text;Pa√≠s de Consulta:(AR) Argentina;28;0
0FLZXRZZ6N63WSPPMY6G_2024-01-01T22:51:30.394Z;2024-01-01T22:51:30Z;0FLZXRZZ6N63WSPPMY6G;Organic;bot;text;Gracias por comunicarse con nosotros. üëã;34;0
X4ZBLZ4MTXBHG7LJXEEX_2024-01-01T22:59:38.211Z;2024-01-01T22:59:38Z;X4ZBLZ4MTXBHG7LJXEEX;Organic;bot;text;Hola! Soy *Ana*, la asistente virtual de Guru.  Estoy para ayudarte en lo que necesites.;73;0
X4ZBLZ4MTXBHG7LJXEEX_2024-01-01T22:59:38.211Z;2024-01-01T22:59:38Z;X4ZBLZ4MTXBHG7LJXEEX;Organic;bot;text;Pa√≠s de Consulta:(CL) Chile;24;0
X4ZBLZ4MTXBHG7LJXEEX_2024-01-01T22:59:38.211Z;2024-01-01T22:59:38Z;X4ZBLZ4MTXBHG7LJXEEX;Organic;bot;text;Le recordamos que el horario de atenci√≥n es de Lunes a Viernes de 8 hs a 18 hs. üëç;63;0
X4ZBLZ4MTXBHG7LJXEEX_2024-01-01T22:59:38.211Z;2024-01-01T22:59:38Z;X4ZBLZ4MTXBHG7LJXEEX;Organic;bot;text;Esperamos nuevamente su visita. Gracias. üëç;37;0
X4ZBLZ4MTXBHG7LJXEEX_2024-01-01T22:59:38.211Z;2024-01-01T22:59:38Z;X4ZBLZ4MTXBHG7LJXEEX;Organic;bot;text;Gracias por comunicarse con nosotros. üëã;34;0
R1AE6OAZNINK2A1PBNWY_2024-01-01T23:16:41.251Z;2024-01-01T23:16:41Z;R1AE6OAZNINK2A1PBNWY;Organic;bot;text;¬°Hola! Soy *Ana*, la asistente virtual de Guru.   Estoy para ayudarte en lo que necesites.;74;0
R1AE6OAZNINK2A1PBNWY_2024-01-01T23:16:41.251Z;2024-01-01T23:16:41Z;R1AE6OAZNINK2A1PBNWY;Organic;bot;text;Pa√≠s de Consulta:(PE) Per√∫;23;0
R1AE6OAZNINK2A1PBNWY_2024-01-01T23:16:41.251Z;2024-01-01T23:16:41Z;R1AE6OAZNINK2A1PBNWY;Organic;bot;text;Le recordamos que el horario de atenci√≥n es de Lunes a Viernes de 8 hs a 18 hs. üëç;63;0
R1AE6OAZNINK2A1PBNWY_2024-01-01T23:16:41.251Z;2024-01-01T23:16:41Z;R1AE6OAZNINK2A1PBNWY;Organic;bot;text;Esperamos nuevamente su visita. Gracias. üëç;37;0
R1AE6OAZNINK2A1PBNWY_2024-01-01T23:16:41.251Z;2024-01-01T23:16:41Z;R1AE6OAZNINK2A1PBNWY;Organic;bot;text;Gracias por comunicarse con nosotros. üëã;34;0
PZ5UYVHLGWG1ZVRZ4N2E_2024-01-01T23:22:07.965Z;2024-01-01T23:22:07Z;PZ5UYVHLGWG1ZVRZ4N2E;Organic;user;text;52 dm dkd lmkd lm;13;0
PZ5UYVHLGWG1ZVRZ4N2E_2024-01-01T23:22:07.965Z;2024-01-01T23:22:07Z;PZ5UYVHLGWG1ZVRZ4N2E;Organic;bot;text;Pa√≠s de Consulta: (AR) Argentina;28;0
PZ5UYVHLGWG1ZVRZ4N2E_2024-01-01T23:22:07.965Z;2024-01-01T23:22:07Z;PZ5UYVHLGWG1ZVRZ4N2E;Organic;bot;text;Disculpa, no logro comprender üòî. Prueba escribir las *palabras clave* de tu consulta.  O tambi√©n puedes elegir una de las *opciones del men√∫*;118;0
PZ5UYVHLGWG1ZVRZ4N2E_2024-01-01T23:22:07.965Z;2024-01-01T23:22:07Z;PZ5UYVHLGWG1ZVRZ4N2E;Organic;user;text;pd dml d;6;0
PZ5UYVHLGWG1ZVRZ4N2E_2024-01-01T23:22:07.965Z;2024-01-01T23:22:07Z;PZ5UYVHLGWG1ZVRZ4N2E;Organic;bot;text;Pa√≠s de Consulta: (AR) Argentina;28;0
PZ5UYVHLGWG1ZVRZ4N2E_2024-01-01T23:22:07.965Z;2024-01-01T23:22:07Z;PZ5UYVHLGWG1ZVRZ4N2E;Organic;bot;text;Lo siento, no entiendo tu consulta ü•¥. ¬øPuedes intentar con otros t√©rminos, por favor?   O tambi√©n puedes elegir una de las *opciones del men√∫*;117;0
PZ5UYVHLGWG1ZVRZ4N2E_2024-01-01T23:22:07.965Z;2024-01-01T23:22:07Z;PZ5UYVHLGWG1ZVRZ4N2E;Organic;user;text;üòé;1;0
PZ5UYVHLGWG1ZVRZ4N2E_2024-01-01T23:22:07.965Z;2024-01-01T23:22:07Z;PZ5UYVHLGWG1ZVRZ4N2E;Organic;bot;text;Pa√≠s de Consulta: (AR) Argentina;28;0
PZ5UYVHLGWG1ZVRZ4N2E_2024-01-01T23:22:07.965Z;2024-01-01T23:22:07Z;PZ5UYVHLGWG1ZVRZ4N2E;Organic;bot;text;Perd√≥n, todav√≠a estoy aprendiendoüôÉ. ¬øPuedes hacer tu consulta con otras palabras?  O tambi√©n puedes elegir una de las *opciones del men√∫*;116;0
PZ5UYVHLGWG1ZVRZ4N2E_2024-01-01T23:22:07.965Z;2024-01-01T23:22:07Z;PZ5UYVHLGWG1ZVRZ4N2E;Organic;user;text;52 djd dn knd knd kdn dknd;20;0
PZ5UYVHLGWG1ZVRZ4N2E_2024-01-01T23:22:07.965Z;2024-01-01T23:22:07Z;PZ5UYVHLGWG1ZVRZ4N2E;Organic;bot;text;Pa√≠s de Consulta: (AR) Argentina;28;0
PZ5UYVHLGWG1ZVRZ4N2E_2024-01-01T23:22:07.965Z;2024-01-01T23:22:07Z;PZ5UYVHLGWG1ZVRZ4N2E;Organic;bot;text;Disculpa, no logro comprender üòî. Prueba escribir las *palabras clave* de tu consulta.  O tambi√©n puedes elegir una de las *opciones del men√∫*;118;0
PZ5UYVHLGWG1ZVRZ4N2E_2024-01-01T23:22:07.965Z;2024-01-01T23:22:07Z;PZ5UYVHLGWG1ZVRZ4N2E;Organic;bot;text;Pa√≠s de Consulta: (AR) Argentina;28;0
PZ5UYVHLGWG1ZVRZ4N2E_2024-01-01T23:22:07.965Z;2024-01-01T23:22:07Z;PZ5UYVHLGWG1ZVRZ4N2E;Organic;bot;text;Lo siento, no entiendo tu consulta ü•¥. ¬øPuedes intentar con otros t√©rminos, por favor?   O tambi√©n puedes elegir una de las *opciones del men√∫*;117;0
PZ5UYVHLGWG1ZVRZ4N2E_2024-01-01T23:22:07.965Z;2024-01-01T23:22:07Z;PZ5UYVHLGWG1ZVRZ4N2E;Organic;user;text;5 dk djknd kn djk;13;0
PZ5UYVHLGWG1ZVRZ4N2E_2024-01-01T23:22:07.965Z;2024-01-01T23:22:07Z;PZ5UYVHLGWG1ZVRZ4N2E;Organic;bot;text;Pa√≠s de Consulta: (AR) Argentina;28;0
PZ5UYVHLGWG1ZVRZ4N2E_2024-01-01T23:22:07.965Z;2024-01-01T23:22:07Z;PZ5UYVHLGWG1ZVRZ4N2E;Organic;bot;text;Perd√≥n, todav√≠a estoy aprendiendoüôÉ. ¬øPuedes hacer tu consulta con otras palabras?  O tambi√©n puedes elegir una de las *opciones del men√∫*;116;0
PZ5UYVHLGWG1ZVRZ4N2E_2024-01-01T23:22:07.965Z;2024-01-01T23:22:07Z;PZ5UYVHLGWG1ZVRZ4N2E;Organic;user;text;Pa√≠s de Consulta: (AR) Argentina 08:21 PM Perd√≥n, todav√≠a estoy aprendiendoüôÉ. ¬øPuedes hacer tu consulta con otras palabras?   O tambi√©n puedes elegir una de las opciones del men√∫;149;0
PZ5UYVHLGWG1ZVRZ4N2E_2024-01-01T23:22:07.965Z;2024-01-01T23:22:07Z;PZ5UYVHLGWG1ZVRZ4N2E;Organic;bot;text;Pa√≠s de Consulta: (AR) Argentina;28;0
PZ5UYVHLGWG1ZVRZ4N2E_2024-01-01T23:22:07.965Z;2024-01-01T23:22:07Z;PZ5UYVHLGWG1ZVRZ4N2E;Organic;bot;text;De nada üëê;7;0
PZ5UYVHLGWG1ZVRZ4N2E_2024-01-01T23:22:07.965Z;2024-01-01T23:22:07Z;PZ5UYVHLGWG1ZVRZ4N2E;Organic;bot;text;Esperamos nuevamente su visita. Gracias. üëç;37;0
PZ5UYVHLGWG1ZVRZ4N2E_2024-01-01T23:24:06.756Z;2024-01-01T23:24:06Z;PZ5UYVHLGWG1ZVRZ4N2E;Organic;user;text;yd dkn dkn;8;0
PZ5UYVHLGWG1ZVRZ4N2E_2024-01-01T23:24:06.756Z;2024-01-01T23:24:06Z;PZ5UYVHLGWG1ZVRZ4N2E;Organic;bot;text;Pa√≠s de Consulta: (AR) Argentina;28;0
PZ5UYVHLGWG1ZVRZ4N2E_2024-01-01T23:24:06.756Z;2024-01-01T23:24:06Z;PZ5UYVHLGWG1ZVRZ4N2E;Organic;bot;text;Disculpa, no logro comprender üòî. Prueba escribir las *palabras clave* de tu consulta.  O tambi√©n puedes elegir una de las *opciones del men√∫*;118;0
PZ5UYVHLGWG1ZVRZ4N2E_2024-01-01T23:24:06.756Z;2024-01-01T23:24:06Z;PZ5UYVHLGWG1ZVRZ4N2E;Organic;user;text;ed dnd;5;0
PZ5UYVHLGWG1ZVRZ4N2E_2024-01-01T23:24:06.756Z;2024-01-01T23:24:06Z;PZ5UYVHLGWG1ZVRZ4N2E;Organic;bot;text;Pa√≠s de Consulta: (AR) Argentina;28;0
PZ5UYVHLGWG1ZVRZ4N2E_2024-01-01T23:24:06.756Z;2024-01-01T23:24:06Z;PZ5UYVHLGWG1ZVRZ4N2E;Organic;bot;text;Lo siento, no entiendo tu consulta ü•¥. ¬øPuedes intentar con otros t√©rminos, por favor?   O tambi√©n puedes elegir una de las *opciones del men√∫*;117;0
PZ5UYVHLGWG1ZVRZ4N2E_2024-01-01T23:24:06.756Z;2024-01-01T23:24:06Z;PZ5UYVHLGWG1ZVRZ4N2E;Organic;user;text;Pa√≠s de Consulta: (AR) Argentina 08:21 PM Perd√≥n, todav√≠a estoy aprendiendoüôÉ. ¬øPuedes hacer tu consulta con otras palabras?   O tambi√©n puedes elegir una de las opciones del men√∫ üë•;150;0
PZ5UYVHLGWG1ZVRZ4N2E_2024-01-01T23:24:06.756Z;2024-01-01T23:24:06Z;PZ5UYVHLGWG1ZVRZ4N2E;Organic;bot;text;Pa√≠s de Consulta: (AR) Argentina;28;0
PZ5UYVHLGWG1ZVRZ4N2E_2024-01-01T23:24:06.756Z;2024-01-01T23:24:06Z;PZ5UYVHLGWG1ZVRZ4N2E;Organic;bot;text;¬°Hola! Soy *Ana*, la asistente virtual de Guru.   Estoy para ayudarte en lo que necesites.;74;0
PZ5UYVHLGWG1ZVRZ4N2E_2024-01-01T23:24:06.756Z;2024-01-01T23:24:06Z;PZ5UYVHLGWG1ZVRZ4N2E;Organic;bot;text;Pa√≠s de Consulta:(AR) Argentina;28;0
PZ5UYVHLGWG1ZVRZ4N2E_2024-01-01T23:24:06.756Z;2024-01-01T23:24:06Z;PZ5UYVHLGWG1ZVRZ4N2E;Organic;user;text;Pa√≠s de Consulta: (AR) Argentina 08:21 PM Perd√≥n, todav√≠a estoy aprendiendoüôÉ. ¬øPuedes hacer tu consulta con otras palabras?   O tambi√©n puedes elegir una de las opciones del men√∫;149;0
PZ5UYVHLGWG1ZVRZ4N2E_2024-01-01T23:24:06.756Z;2024-01-01T23:24:06Z;PZ5UYVHLGWG1ZVRZ4N2E;Organic;bot;text;Pa√≠s de Consulta: (AR) Argentina;28;0
PZ5UYVHLGWG1ZVRZ4N2E_2024-01-01T23:24:06.756Z;2024-01-01T23:24:06Z;PZ5UYVHLGWG1ZVRZ4N2E;Organic;bot;text;De nada üëê;7;0
PZ5UYVHLGWG1ZVRZ4N2E_2024-01-01T23:24:06.756Z;2024-01-01T23:24:06Z;PZ5UYVHLGWG1ZVRZ4N2E;Organic;bot;text;Esperamos nuevamente su visita. Gracias. üëç;37;0
W3ZFWRWYV14WRG5Q3T0I_2024-01-01T23:50:38.541Z;2024-01-01T23:50:38Z;W3ZFWRWYV14WRG5Q3T0I;Referral;bot;text;Hola! Soy *Ana*, la asistente virtual de Guru.  Estoy para ayudarte en lo que necesites.;73;0
W3ZFWRWYV14WRG5Q3T0I_2024-01-01T23:50:38.541Z;2024-01-01T23:50:38Z;W3ZFWRWYV14WRG5Q3T0I;Referral;bot;text;Pa√≠s de Consulta:(PE) Per√∫;23;0
W3ZFWRWYV14WRG5Q3T0I_2024-01-01T23:50:38.541Z;2024-01-01T23:50:38Z;W3ZFWRWYV14WRG5Q3T0I;Referral;bot;text;Esperamos nuevamente su visita. Gracias. üëç;37;0
W3ZFWRWYV14WRG5Q3T0I_2024-01-01T23:50:38.541Z;2024-01-01T23:50:38Z;W3ZFWRWYV14WRG5Q3T0I;Referral;bot;text;Gracias por comunicarse con nosotros. üëã;34;0
